"Accession","N","cvAcc","cohensD","p_uncorr","p_FDR","signInd"
"P15924",95,0.549473684210526,-0.328827605942896,0.110737215775398,0.20349594941366,""
"P78386",95,0.593684210526316,-0.515794072081442,0.0208827050392484,0.0829043390058161,""
"O76009",95,0.583157894736842,-0.496295053094399,0.0231913459927505,0.0876853748487805,""
"O43790",95,0.576842105263158,-0.415617397704725,0.0616313826753132,0.150108336945395,""
"Q13835",95,0.562105263157895,-0.343021981544669,0.0927008466337823,0.183095702057769,""
"Q9NSB4",95,0.576842105263158,-0.379146868378521,0.0709666101812597,0.15917369628226,""
"Q92764",95,0.585263157894737,-0.493014689365302,0.0262228081107231,0.092385250691077,""
"Q15323",95,0.576842105263158,-0.542064792486374,0.0159988052088091,0.0710092608851668,""
"P14923",95,0.583157894736842,-0.43396025131443,0.0385838500739855,0.114554394569353,""
"Q14532",95,0.562105263157895,-0.410517872007146,0.0530108995460033,0.135776303998473,""
"Q6A163",95,0.587368421052632,-0.461598321563457,0.0323485667785344,0.10393988788034,""
"P04264",95,0.629473684210526,0.649608429067269,0.0016699545133134,0.0265188776714169,"sign"
"Q86SJ6",95,0.568421052631579,-0.386874730110748,0.0690674693782802,0.156622625103749,""
"Q13228",95,0.583157894736842,-0.54234238191896,0.0114032963530268,0.062015679675453,""
"P06576",95,0.618947368421053,-0.535797786288369,0.012789382734099,0.0650946787876576,""
"P28838",95,0.574736842105263,-0.386124329029042,0.0670157494060181,0.155500274209313,""
"O76015",95,0.572631578947368,0.120063253349772,0.577030643126855,0.660176268937642,""
"P31947",95,0.566315789473684,-0.334097835813453,0.117342608241538,0.212716965625072,""
"Q6MZM0",95,0.55578947368421,-0.286460556798322,0.167164526841219,0.268681445975563,""
"Q08188",95,0.562105263157895,-0.424545690996136,0.0511795154318196,0.132449888796803,""
"P04406",95,0.589473684210526,-0.310243573424074,0.15713930185011,0.257786375349147,""
"P78385",95,0.595789473684211,-0.331545322173687,0.12569999122513,0.219836548530294,""
"P62805",95,0.621052631578947,-0.4713448289035,0.0288574532806213,0.0963740515869777,""
"Q14134",95,0.56,-0.411889262686462,0.0448317551905225,0.122681091093943,""
"O76013",95,0.610526315789474,-0.602731589900365,0.00523547729535163,0.041569689725092,"sign"
"P13645",95,0.650526315789474,0.677454957424112,0.00148011618541604,0.0259423366648045,"sign"
"P62937",95,0.553684210526316,-0.233262082550538,0.265171912227029,0.371990279696574,""
"Q14525",95,0.572631578947368,-0.557711537286504,0.0116643525023377,0.062015679675453,""
"P68371",95,0.562105263157895,-0.257392066660207,0.218716150448682,0.331413403542469,""
"P07355",95,0.574736842105263,-0.121681352374398,0.557605242569388,0.643515352616416,""
"Q9Y446",95,0.570526315789474,-0.550454760850581,0.00958635530704382,0.0585505085676368,""
"P13647",95,0.614736842105263,0.371859815301924,0.0665060557744511,0.155500274209313,""
"Q15149",95,0.614736842105263,-0.454581803287121,0.0272290910666996,0.0939995578563456,""
"P02533",95,0.578947368421053,0.41357953919272,0.0406925063275568,0.116852873359013,""
"Q8TF66",95,0.587368421052632,-0.500865210078281,0.0156341834071577,0.0710092608851668,""
"P11021",95,0.595789473684211,-0.678293887748879,0.00187560940042312,0.0267454142259872,"sign"
"P54652",95,0.545263157894737,-0.247820167107904,0.227639747187117,0.33721261057196,""
"P35527",95,0.562105263157895,0.104474150669677,0.632141911128,0.704586209021948,""
"P68366",95,0.574736842105263,-0.278269698231972,0.176825571447382,0.281926714315706,""
"P49327",95,0.574736842105263,-0.635867592655107,0.00226250361839147,0.0281459338192328,"sign"
"O60814",95,0.581052631578947,-0.384684250286599,0.0603303896314521,0.148621221774023,""
"P02768",95,0.64,0.785371955002823,8.57941901243797e-05,0.00407274147204915,"sign"
"P10809",95,0.570526315789474,-0.325771149485312,0.120864814705957,0.21517188985769,""
"P22735",95,0.591578947368421,-0.51421324126028,0.014491741252608,0.0691702348409676,""
"P02545",95,0.547368421052632,-0.321593394773269,0.123191069711283,0.216792741163773,""
"Q96QA5",95,0.602105263157895,-0.486183126835341,0.0202446821408075,0.0811832203020262,""
"Q6KB66",95,0.55578947368421,-0.219955145412755,0.298270019085136,0.405524649235613,""
"O95147",95,0.549473684210526,-0.271340736299345,0.194888370005711,0.299886367799485,""
"P68431",95,0.627368421052632,-0.735491020255535,0.000537794685005848,0.0112370784182801,"sign"
"P13639",95,0.581052631578947,-0.320062339721618,0.123413500007589,0.216792741163773,""
"P47929",95,0.597894736842105,-0.550153357749019,0.0113072755259428,0.062015679675453,""
"P25705",95,0.581052631578947,-0.457936575844106,0.0262446813673093,0.092385250691077,""
"P68104",95,0.566315789473684,-0.39522591981327,0.0620317565736169,0.150162239998329,""
"P35232",95,0.564210526315789,-0.170399850089005,0.427644849347463,0.522867710589405,""
"Q6A162",95,0.593684210526316,-0.428304748685452,0.0421823219433009,0.11876866532972,""
"P0DPA2",95,0.595789473684211,-0.624798258956307,0.00394465013616006,0.0372863358108463,"sign"
"P40926",95,0.583157894736842,-0.387462360640723,0.067370395879098,0.155500274209313,""
"Q86SG7",95,0.56,-0.266125317170245,0.193968700321836,0.299632583765638,""
"P49748",95,0.551578947368421,-0.262669971528423,0.192702955891911,0.298840130816753,""
"P51659",95,0.574736842105263,-0.356823292278872,0.0802535976802065,0.170377958711454,""
"Q9ULW8",95,0.614736842105263,-0.644615448261682,0.00175531185906748,0.0267454142259872,"sign"
"P06733",95,0.589473684210526,-0.451602445023388,0.0392428152680908,0.114554394569353,""
"P05091",95,0.538947368421053,-0.331007616135243,0.110180910172584,0.203450331807051,""
"P36952",95,0.593684210526316,-0.437300577496157,0.0390782805258764,0.114554394569353,""
"P07686",95,0.532631578947368,-0.288290970229096,0.167144909338984,0.268681445975563,""
"P11142",95,0.570526315789474,-0.294017865516359,0.156756373321743,0.257786375349147,""
"P04792",95,0.574736842105263,-0.312346339964816,0.134936934881041,0.229914004926066,""
"P17931",95,0.581052631578947,-0.396780217561214,0.0639404851217698,0.152917907188811,""
"P07195",95,0.597894736842105,-0.613683132063951,0.00498529933403435,0.0412325799085757,"sign"
"P35908",95,0.551578947368421,0.0563468118569472,0.786130558003529,0.850177763665247,""
"P60174",95,0.564210526315789,-0.299831775695737,0.154214990768373,0.255097297229351,""
"P27482",95,0.589473684210526,0.403714668006429,0.0606304536490891,0.148621221774023,""
"P00558",95,0.60421052631579,-0.320926477717369,0.131906972713879,0.225720121411249,""
"Q16777",95,0.587368421052632,-0.52363965143222,0.0129609923676477,0.0651330882272929,""
"P14618",95,0.587368421052632,-0.437802375018337,0.0404519680101558,0.116852873359013,""
"Q01469",95,0.578947368421053,-0.361353369255095,0.0940325733506703,0.184654927920883,""
"P16152",79,0.504725490196078,-0.107122650172429,0.643829039892124,0.7139668403273,""
"P26641",93,0.589755761953904,-0.603806275634019,0.00432617978292656,0.0386026301103526,"sign"
"P60842",95,0.618947368421053,-0.69839086938079,0.00154828511127201,0.0259423366648045,"sign"
"P06744",94,0.573099415204678,-0.340714003912774,0.0993653414471265,0.190570244224682,""
"P07900",94,0.617076023391813,-0.847221397329466,0.000103437806305906,0.00407274147204915,"sign"
"Q14974",95,0.587368421052632,-0.447636676179726,0.038481084510476,0.114554394569353,""
"P69905",95,0.766315789473684,1.53231723784511,2.12737408624235e-11,8.44567512238211e-09,"sign"
"Q9NZT1",95,0.572631578947368,0.213773449310416,0.318106274512665,0.423839760009755,""
"Q52LG2",95,0.549473684210526,0.142733474365528,0.494322234999112,0.580609252351028,""
"P23284",93,0.53953216374269,-0.343310986600796,0.101900909686021,0.19180312748294,""
"P45880",95,0.572631578947368,-0.382028682318665,0.0717978794854253,0.15923887237829,""
"P55072",95,0.536842105263158,-0.18654319814975,0.368377722639142,0.470244231150287,""
"P32119",95,0.570526315789474,-0.0405225610729221,0.841747428548616,0.888759917909044,""
"P51178",95,0.578947368421053,-0.0555886007410412,0.799087850349354,0.856370864412413,""
"Q71U36",95,0.549473684210526,-0.310802601110007,0.140081239252368,0.235645135521992,""
"Q9BYR8",95,0.568421052631579,-0.000405872587725407,0.998476371594846,0.999884193841783,""
"P18669",95,0.629473684210526,-0.700575571053209,0.00188632644415023,0.0267454142259872,"sign"
"P23396",95,0.583157894736842,-0.550074762498368,0.00807300943659457,0.0516933023601298,""
"P50395",95,0.606315789473684,-0.366629593746853,0.0782813001156089,0.167084280354284,""
"Q9Y3R4",95,0.625263157894737,-0.598129292739008,0.00737225671997399,0.0487797652971613,"sign"
"Q14533",95,0.614736842105263,-0.463264063067331,0.0409132226622237,0.116852873359013,""
"Q99623",95,0.549473684210526,-0.277768902312468,0.190522716761266,0.297785506118987,""
"P12532",95,0.570526315789474,-0.273966026577303,0.192441265424463,0.298840130816753,""
"P04083",94,0.58327485380117,-0.0506073182689998,0.807501511938067,0.860888204591304,""
"P43155",93,0.567368421052632,-0.428172267478758,0.0485713688498815,0.12770088366492,""
"P08865",94,0.585497076023392,-0.511644505113991,0.0142788899877028,0.0691307234770491,""
"P33764",95,0.671578947368421,-0.829161128421124,0.000374350267623424,0.00874217977920584,"sign"
"Q7L5L3",95,0.551578947368421,-0.433647894958489,0.0359123798259627,0.110521044890753,""
"P00338",95,0.578947368421053,-0.296609615471362,0.161469264568031,0.262718434563559,""
"Q9NVJ2",93,0.520364637082903,-0.381056245416239,0.0540619646911611,0.137580769117891,""
"Q5JW98",95,0.63578947368421,-0.525478850946552,0.0169340248621835,0.0716029186061761,""
"P09211",95,0.606315789473684,-0.456516709513383,0.0295912965544385,0.0963740515869777,""
"Q15084",94,0.574619883040936,-0.288066433331168,0.164112062425403,0.265928525644429,""
"Q9NTX5",95,0.589473684210526,-0.593522007672613,0.00346026795527894,0.0352054451184073,"sign"
"P62269",94,0.580350877192982,-0.564749981077816,0.00836242875885582,0.0518731908947775,""
"P02538",95,0.637894736842105,0.632685651882256,0.00437561298480068,0.0386026301103526,"sign"
"Q13867",95,0.572631578947368,-0.358821397521341,0.0857545251864064,0.175573096190495,""
"Q3LI83",95,0.623157894736842,-0.61940702252198,0.00363582682583048,0.0352054451184073,"sign"
"P10599",95,0.56,-0.116776826582622,0.593189312747544,0.676713095289583,""
"P49411",94,0.58140350877193,-0.43763391081861,0.0441640009838441,0.121757697156848,""
"P55084",95,0.570526315789474,-0.209858443110558,0.316462960590664,0.423839760009755,""
"P30041",95,0.589473684210526,-0.50071293516179,0.0221485218154503,0.0853685743760561,""
"Q9BYR6",95,0.682105263157895,0.570710188080556,0.0114545536748296,0.062015679675453,""
"P36957",89,0.591241830065359,-0.599817959934481,0.0060068966621235,0.0441797911625032,"sign"
"P07305",95,0.564210526315789,-0.361004605795278,0.0748560243021235,0.163284844219467,""
"P22392",95,0.551578947368421,-0.174528550714896,0.392774092207179,0.496596543332007,""
"Q92874",95,0.538947368421053,-0.252345580041668,0.233058597753619,0.342682456696988,""
"P09382",95,0.570526315789474,-0.0124550392517889,0.952065802880073,0.971645562322337,""
"Q6P587",94,0.598713450292398,-0.605157003160025,0.00632893663182873,0.0448676400506429,"sign"
"P55795",95,0.570526315789474,0.063443559964096,0.765533003070652,0.834935720382002,""
"A0A140TA67",92,0.63953216374269,0.395240778247271,0.0877054545239214,0.178534201787612,""
"Q3SY84",83,0.586176470588235,-0.0324049882669283,0.87335873737133,0.912430049306363,""
"P17643",90,0.637777777777778,-0.852677652676876,0.00018937044673011,0.00552034525891895,"sign"
"P62258",95,0.564210526315789,-0.141399108824039,0.504134329164337,0.586924717531501,""
"P07237",77,0.597333333333333,-0.27117926555095,0.259225523216503,0.37018896660774,""
"Q8IUC1",95,0.574736842105263,0.124971446443704,0.571014666428133,0.655181568127078,""
"P31930",95,0.604210526315789,-0.606810014752545,0.0048889569428651,0.0412325799085757,"sign"
"P14174",95,0.597894736842105,-0.412472804208812,0.0606464431420445,0.148621221774023,""
"P09467",95,0.625263157894737,-0.552066888776238,0.0120716237341372,0.0630583502954275,""
"P05141",95,0.55578947368421,-0.346652205641671,0.10049538848248,0.19180312748294,""
"P61604",95,0.623157894736842,-0.485252314964531,0.0282252736397154,0.0957729370510001,""
"P23526",85,0.566813725490196,-0.433460522544555,0.0513785462838985,0.132449888796803,""
"P62701",95,0.574736842105263,-0.638393136808554,0.00148254972900464,0.0259423366648045,"sign"
"P11279",92,0.572383900928793,-0.282876594047317,0.189728203093943,0.297715796949783,""
"Q93050",91,0.638169934640523,-0.659653213930535,0.00264980651967944,0.0300563768089354,"sign"
"Q99714",90,0.557777777777778,-0.308690949108635,0.152075327543397,0.252610481316856,""
"P41250",95,0.543157894736842,-0.340247725127326,0.0887353918566815,0.178534201787612,""
"P61970",94,0.568304093567251,-0.502209870605941,0.0219501262514953,0.0853685743760561,""
"P14625",84,0.571078431372549,0.153072674446068,0.502855609254881,0.586924717531501,""
"P50416",95,0.589473684210526,-0.55956183778123,0.0107911584052624,0.0618474618552489,""
"P16401",90,0.584444444444444,-0.614868459492055,0.00577060071518957,0.0441797911625032,"sign"
"O76014",95,0.568421052631579,-0.0247731464030208,0.904387514258354,0.936617711963572,""
"Q8IV08",80,0.528039215686275,-0.240712196580139,0.291361403136146,0.398863713948448,""
"P63104",95,0.557894736842105,-0.285768678708899,0.171845459615234,0.275091320432451,""
"P11413",91,0.591262469900241,-0.395638509170713,0.0634154737270376,0.152581473149296,""
"Q15181",90,0.567072583419333,-0.495892219880348,0.0211346611821299,0.083073866230748,""
"O00154",93,0.580708634330925,-0.488088633881608,0.0162766819661214,0.0710092608851668,""
"Q92820",93,0.568538011695906,-0.367394345594595,0.0916976754154404,0.18293455849211,""
"P00966",85,0.524738562091503,0.0732928545681008,0.738206506010655,0.80958006322163,""
"P62318",92,0.587602339181287,-0.359851496537653,0.0948856556570785,0.184654927920883,""
"Q13885",95,0.595789473684211,-0.390216069490326,0.0684204752536458,0.156108785492514,""
"Q9BPW8",85,0.706732026143791,-0.978009368224284,6.99146487989252e-05,0.00396515936759619,"sign"
"Q15437",95,0.568421052631579,-0.46949895035791,0.0296162072886934,0.0963740515869777,""
"O95678",95,0.566315789473684,-0.540714347604097,0.0124578749725769,0.0642308618715978,""
"Q7Z406",57,0.594424242424242,-0.564719526754283,0.0386389364900022,0.114554394569353,""
"P48735",89,0.542091503267974,-0.320536126530303,0.130843663906424,0.224869846627058,""
"P06703",93,0.545730994152047,-0.240118358388448,0.257387154193922,0.368890614494538,""
"P08779",95,0.621052631578947,0.577328660836475,0.00425392338649394,0.0386026301103526,"sign"
"P19367",88,0.543660130718954,-0.249126006754752,0.248293922548198,0.358446135460489,""
"O95833",95,0.581052631578947,-0.403587400425157,0.054834804939913,0.138658710580544,""
"Q9GZP4",91,0.59750257997936,0.273983763483097,0.224224945516705,0.334651516429068,""
"O75223",95,0.562105263157895,-0.237121242249124,0.264616885387817,0.371990279696574,""
"Q96PK6",84,0.555147058823529,-0.164101825356482,0.460654149321705,0.552478465339848,""
"O15118",93,0.55078775369797,-0.239393809598761,0.261127804607596,0.370241922961485,""
"P52758",94,0.596842105263158,-0.452616031292011,0.0351707585492821,0.109084305813008,""
"P21796",94,0.572046783625731,-0.405089741754994,0.0568331659963292,0.142802322155333,""
"Q9UJY1",92,0.625270037839697,-0.621655359453204,0.00752934657069548,0.0490024686650181,"sign"
"P30046",95,0.618947368421053,-0.613437285317153,0.00829157981606042,0.0518731908947775,""
"Q9BYR7",95,0.564210526315789,-0.123716266445053,0.565539397889068,0.650780118730318,""
"P05109",91,0.638465772273822,0.69787566377825,0.00207679091868239,0.0281459338192328,"sign"
"Q9Y6Q5",81,0.584852941176471,-0.3385643717574,0.130157594213827,0.224663325664737,""
"P33897",80,0.533852941176471,-0.458162391838294,0.0462242609512047,0.123993456740731,""
"Q6PEX3",91,0.582559339525284,0.250500885359381,0.227256807178198,0.33721261057196,""
"P41091",94,0.668187134502924,-0.803244906131846,0.000234217359928569,0.00581151824322763,"sign"
"P29401",95,0.534736842105263,-0.165674517245694,0.407461583216389,0.510291004848285,""
"Q9H0Q0",86,0.548643790849673,-0.487026463203031,0.0224078296993282,0.0855375806791665,""
"Q9Y570",89,0.53656002751978,-0.314086881727554,0.136586537987041,0.231730152054937,""
"Q9HCY8",95,0.602105263157895,-0.269363362091731,0.219936671541705,0.331995660083867,""
"P40967",89,0.652287581699346,-0.811620433235494,0.000229373508722314,0.00581151824322763,"sign"
"P19623",90,0.601582387340901,-0.413288839512897,0.0653467148256542,0.154420510629671,""
"Q9BUF5",90,0.57343653250774,0.03168262503254,0.88555987672227,0.920333170310841,""
"O75746",76,0.479,-0.0639710256883648,0.785590761015068,0.850177763665247,""
"Q9NSB2",64,0.588717948717949,-0.435230612842472,0.0852749544323072,0.175573096190495,""
"O76011",94,0.540116959064328,-0.0940410668647751,0.650426522100492,0.719273897698873,""
"P06702",95,0.692631578947368,0.889197052526566,3.00519025625905e-05,0.00200176297713438,"sign"
"Q9BYR9",95,0.585263157894737,0.151390729725547,0.494151454782697,0.580609252351028,""
"Q5VYY1",85,0.520866013071895,0.183779149764064,0.406440493587937,0.510291004848285,""
"Q6ZSI9",89,0.544086687306502,-0.241403903704547,0.262734792351634,0.371194706632025,""
"Q14204",95,0.578947368421053,-0.4432816868261,0.0324648516301313,0.10393988788034,""
"P49773",84,0.561323529411765,-0.0382665349126704,0.861996058537363,0.905201525845017,""
"P60411",95,0.574736842105263,0.242679916665367,0.250664061790458,0.36055663960439,""
"P49755",82,0.541509803921569,-0.216197752618335,0.325326658674117,0.426253080837045,""
"O75367",94,0.598479532163743,-0.432545368990407,0.0391338078897715,0.114554394569353,""
"Q9BYQ5",95,0.64,0.38688072558772,0.0774679969191031,0.166242133929102,""
"P23246",95,0.55578947368421,-0.269028332857186,0.198771005407614,0.304679880875763,""
"Q8NFI3",93,0.563625730994152,-0.378429668831476,0.0673504877516952,0.155500274209313,""
"P05198",81,0.587352941176471,0.471069779024174,0.034561786931943,0.108897058825249,""
"P07737",90,0.600103199174407,0.0226783526904472,0.917953495974706,0.943543754060503,""
"Q03252",89,0.555190918472652,-0.137755781249249,0.528136248456104,0.613070440459279,""
"Q9BYR5",93,0.644678362573099,0.540885646610601,0.0157005975553607,0.0710092608851668,""
"P02511",95,0.570526315789474,0.10241396135332,0.626022117311954,0.702064351900694,""
"Q3LI72",95,0.635789473684211,0.433372360863742,0.0420334706386851,0.11876866532972,""
"P60413",95,0.623157894736842,0.582702399084605,0.00600934187097021,0.0441797911625032,"sign"
"P04040",92,0.596023391812866,-0.037078284032464,0.864159643061112,0.905201525845017,""
"P59998",49,0.578222222222222,-0.446077403924266,0.151936519651326,0.252610481316856,""
"P05387",93,0.538479532163743,-0.381645179592474,0.0601906946125116,0.148621221774023,""
"P00505",93,0.557543859649123,-0.452535432993071,0.0343176976796682,0.108897058825249,""
"Q9BYR3",95,0.625263157894737,0.366043472443958,0.101664947910234,0.19180312748294,""
"Q9H2C0",59,0.610489510489511,-0.47803119843757,0.0857964248386804,0.175573096190495,""
"O43396",81,0.585294117647059,0.00441090943190737,0.984987739443334,0.995013059946574,""
"Q8N3Y7",87,0.533856209150327,-0.204872528587943,0.343155949209058,0.44088320982523,""
"Q93077",95,0.557894736842105,-0.242948717917471,0.229681654053086,0.338972552635967,""
"P60412",85,0.616683006535948,0.411580385598964,0.0714850282455475,0.15923887237829,""
"P39656",94,0.593918128654971,-0.56853388415683,0.00724298605856058,0.0487367028008229,"sign"
"Q16775",73,0.566285714285714,0.110899729777199,0.659462726717662,0.727240840296977,""
"P22307",95,0.604210526315789,-0.463353490831558,0.0259067203730215,0.092385250691077,""
"P63244",84,0.557777777777778,-0.388134427157873,0.0811326621740882,0.171328015335708,""
"Q02878",80,0.49106862745098,-0.226457901208647,0.323741185833326,0.426253080837045,""
"O94919",91,0.564430684554524,-0.233711145111554,0.27353821963471,0.381033941035016,""
"Q674R7",90,0.562222222222222,-0.33544063281958,0.118056418054065,0.213038172579381,""
"P08574",95,0.587368421052632,-0.502573203086591,0.0136867357734857,0.0670819024947383,""
"Q9UIV8",95,0.618947368421053,-0.697732712970493,0.00217871122103084,0.0281459338192328,"sign"
"Q16778",72,0.510095238095238,-0.235645885234241,0.329918562051392,0.42803159847844,""
"Q04760",93,0.560818713450292,-0.178172869400401,0.398485205885162,0.502217862655267,""
"P35221",93,0.552067423460612,-0.411140028750727,0.0474954717216931,0.125704681823414,""
"Q9BYQ3",88,0.630980392156863,0.581787061793792,0.0105292550502055,0.0614722684548764,""
"Q9BTU6",95,0.557894736842105,-0.419772667697203,0.0451169755660344,0.122681091093943,""
"P30084",93,0.572321981424149,-0.0504977095742832,0.800102270382254,0.856370864412413,""
"P29692",79,0.629539215686274,-0.554868966427368,0.0168954037835119,0.0716029186061761,""
"P07437",95,0.557894736842105,-0.00141322369107982,0.994500963858219,0.999884193841783,""
"P62140",89,0.599353285173719,-0.576753951657025,0.0100566354433258,0.0595893174776169,""
"P17900",89,0.628090815273478,0.344734301805912,0.130080287220309,0.224663325664737,""
"P61204",91,0.595287237702098,-0.406079397925164,0.0652610832798389,0.154420510629671,""
"Q7Z4W1",81,0.570411764705882,-0.379284599210486,0.102833993658166,0.192571205105151,""
"P04075",95,0.574736842105263,-0.104674767276015,0.620920251427452,0.698315410245604,""
"P62491",73,0.65747619047619,-0.616395463019371,0.0131588281993783,0.0653006849394151,""
"P31946",94,0.58327485380117,-0.0168972753935962,0.935810954909965,0.957517910049629,""
"P38606",95,0.568421052631579,-0.333572281819537,0.109682499639588,0.203450331807051,""
"Q3LI64",82,0.626764705882353,0.242989043294983,0.334037974243471,0.431964416204098,""
"Q9BYP9",84,0.667532679738562,0.62150456456558,0.00596361110484631,0.0441797911625032,"sign"
"P12270",60,0.597365967365967,-0.275897753033476,0.297651933464984,0.405524649235613,""
"P62913",95,0.568421052631579,0.0494701262530782,0.808844585170167,0.860888204591304,""
"P15090",95,0.568421052631579,-0.183298505594075,0.38534299793813,0.488757732209066,""
"P60410",95,0.696842105263158,0.922866979598762,3.02533447425851e-05,0.00200176297713438,"sign"
"Q9Y4E8",90,0.613161334709322,-0.379116108367622,0.0830286742896191,0.173486229963046,""
"Q13526",52,0.494909090909091,0.185695829213622,0.502898469954016,0.586924717531501,""
"Q8TF09",95,0.633684210526316,-0.502212348283779,0.0265287621631808,0.092385250691077,""
"P60953",92,0.556787065703474,-0.101176674956679,0.632584413358056,0.704586209021948,""
"P25788",95,0.67578947368421,-0.789401950290215,0.00040699893855234,0.00897658770029328,"sign"
"O75396",70,0.548571428571429,-0.119053301388286,0.620429624685366,0.698315410245604,""
"Q9UJZ1",95,0.574736842105263,-0.458852203758256,0.0348812925010221,0.109038371046502,""
"P98179",95,0.55578947368421,-0.141635672300052,0.493424206408331,0.580609252351028,""
"P15311",80,0.5475,-0.135216237302687,0.550099587566517,0.636704187358331,""
"P11387",89,0.665751633986928,-0.643831411371542,0.00513868177129508,0.041569689725092,"sign"
"P25685",57,0.684848484848485,-0.276042844726633,0.329304348764123,0.42803159847844,""
"Q9BVC6",68,0.597362637362637,-0.563861114136559,0.023956435914616,0.0888850940009584,""
"A0A140TA64",58,0.644545454545455,0.245665325868396,0.42804031723314,0.522867710589405,""
"Q15365",91,0.542573099415205,-0.228527644487737,0.279290481312876,0.387686437346894,""
"Q9Y316",93,0.578479532163743,-0.647669242654823,0.00233958643837452,0.0281459338192328,"sign"
"P27348",65,0.633772893772894,-0.202440711589839,0.474931732465016,0.566209903269103,""
"P51149",82,0.548676470588235,-0.272828850998642,0.24601363874065,0.357756097362777,""
"Q9Y5Y6",85,0.571993464052288,-0.491763252554265,0.0292067016646118,0.0963740515869777,""
"P30038",77,0.580911764705882,-0.596315327763002,0.0146355156842349,0.0691702348409676,""
"P81605",89,0.557254901960784,-0.33173174124906,0.119397874857537,0.21448396524182,""
"P60369",91,0.615555555555556,0.408123414996012,0.068293486069387,0.156108785492514,""
"P11177",58,0.707808857808858,0.0502407196320434,0.86198690065619,0.905201525845017,""
"Q9BYR4",95,0.585263157894737,-0.000652794419908948,0.997674517976838,0.999884193841783,""
"P15309",95,0.568421052631579,-0.373069026738284,0.0725986312470545,0.15932089440843,""
"Q14574",95,0.593684210526316,-0.485567299669061,0.0246714336496729,0.0906903625825937,""
"Q9NRX4",84,0.592794117647059,-0.233610681108186,0.3192143280678,0.423839760009755,""
"P36542",79,0.586039215686274,-0.327259488993369,0.187141678054585,0.294822405506627,""
"Q14152",78,0.584107843137255,-0.456274945182154,0.0472978925856344,0.125704681823414,""
"Q9BZM2",92,0.691764705882353,-1.15236349640798,4.90411099430812e-06,0.000648977354913441,"sign"
"P12268",77,0.628382352941177,-0.559628285955689,0.0197369246823849,0.0799546846827226,""
"P31942",81,0.54621568627451,-0.116246332579871,0.606149270861341,0.685587636843169,""
"A0A0G2JLE6",94,0.615672514619883,0.394914896140266,0.072637485863793,0.15932089440843,""
"P07108",93,0.638169934640523,-0.629098241094227,0.00459642024627432,0.0396691051689327,"sign"
"Q9BQI6",95,0.576842105263158,-0.501953846523154,0.0184614053047098,0.0755585351130907,""
"Q9UBM7",73,0.518095238095238,-0.245586970264811,0.300782735924925,0.406159000551685,""
"P04080",80,0.531794117647059,-0.0793287339613465,0.730374276842746,0.803209384782743,""
"Q9BYQ6",95,0.610526315789474,0.444093931816211,0.0432694548592456,0.120971644923384,""
"P56537",71,0.434080586080586,-0.00972863164048041,0.967467749536525,0.984832555297437,""
"P61158",72,0.583091575091575,0.242726191288886,0.324847948733391,0.426253080837045,""
"Q9NPA0",56,0.696060606060606,-0.93119252763854,0.00156830246840128,0.0259423366648045,"sign"
"Q7Z2K6",76,0.520666666666667,-0.185292941104598,0.424947946137316,0.522867710589405,""
"O14908",92,0.569260405916753,-0.346479716312039,0.104058739916097,0.193949857965683,""
"Q9Y3I0",83,0.635196078431373,-0.803051531814072,0.00114628391972207,0.0227537358064832,"sign"
"P68871",95,0.68,1.21567387783201,1.68979453423331e-08,3.35424215045313e-06,"sign"
"Q96FQ6",83,0.544297385620915,-0.0458099759408365,0.841249557045946,0.888759917909044,""
"P62906",50,0.552,-0.510230889648019,0.0838651385751324,0.174316544577631,""
"Q9BYS1",95,0.602105263157895,-0.564249286455567,0.0100322806076004,0.0595893174776169,""
"P20700",93,0.548538011695906,-0.164897049165787,0.439449774003128,0.533521591068017,""
"Q8IUC0",95,0.55578947368421,0.231879006804751,0.271900531524473,0.380086306391605,""
"Q8IUC2",95,0.572631578947368,-0.224502436648951,0.283415758664438,0.392042007629902,""
"P30050",71,0.574095238095238,-0.066159860261242,0.788074098309348,0.850177763665247,""
"P51788",70,0.599208791208791,-0.260057890042159,0.318278207917742,0.423839760009755,""
"Q13618",53,0.552,-0.333999672149551,0.237806077945084,0.348372741491507,""
"Q5T749",77,0.609833333333333,0.203602647601096,0.412356714277861,0.513106575562474,""
"P62241",83,0.568088235294118,-0.546595816437295,0.0179284973212045,0.074141806630398,""
"P08559",85,0.557761437908497,-0.181708537579908,0.424351834069012,0.522867710589405,""
"P62753",84,0.540049019607843,-0.359650364389619,0.111230783432656,0.20349594941366,""
"P21281",89,0.537296181630547,-0.439045461394541,0.0365928634524477,0.111748975312475,""
"P00441",78,0.572176470588235,0.0285991694096472,0.905947610564261,0.936617711963572,""
"P42765",83,0.550114379084967,-0.503368586901945,0.0259087847467414,0.092385250691077,""
"O15254",89,0.523660130718954,-0.363521780789547,0.0890422467353834,0.178534201787612,""
"P09525",88,0.595163398692811,-0.00676610750372845,0.975077781703305,0.988753539911835,""
"Q8WU76",95,0.541052631578947,-0.260404458675687,0.199575286842696,0.304736111063655,""
"P29508",81,0.639852941176471,0.536874538272263,0.0264667603362241,0.092385250691077,""
"Q01546",77,0.569490196078431,-0.389934385836407,0.0947557038869646,0.184654927920883,""
"P21964",94,0.555438596491228,-0.167615835255138,0.427388439811337,0.522867710589405,""
"Q8WUF5",92,0.598479532163743,-0.455049035597157,0.0289316904466613,0.0963740515869777,""
"Q9BYQ8",81,0.667029411764706,0.333627171902385,0.159839915635817,0.261137639948228,""
"P63220",82,0.623088235294118,-0.632535862248879,0.00683989394287617,0.0468178947469283,"sign"
"O14773",84,0.672826797385621,-0.943252148954449,0.000112846741039145,0.00407274147204915,"sign"
"P62714",80,0.549921568627451,0.193689310039964,0.413273196306449,0.513106575562474,""
"P10606",83,0.651029411764706,-0.734773408468956,0.00262183958599821,0.0300563768089354,"sign"
"Q04837",94,0.632046783625731,-0.871533408261136,0.00015178159999011,0.00502144126633946,"sign"
"O14734",76,0.602833333333333,-0.389887520697999,0.0983396221946158,0.189674888537575,""
"A8MUX0",95,0.629473684210526,-0.517624231825215,0.0169538396699762,0.0716029186061761,""
"P60014",89,0.685098039215686,0.574197504371044,0.0117158085029193,0.062015679675453,""
"Q5TEC6",79,0.5875,-0.434321879606534,0.0694347154112338,0.156622625103749,""
"Q9BPW9",65,0.544688644688645,-0.440009949648001,0.088479309268035,0.178534201787612,""
"P40121",72,0.57,-0.358611316328851,0.139913337313685,0.235645135521992,""
"P23528",88,0.575094599243206,-3.15037372562566e-05,0.999884193841783,0.999884193841783,""
"A8MXZ3",91,0.569900240798074,-0.0603069380780692,0.785503426027787,0.850177763665247,""
"P30154",86,0.538627450980392,-0.151741317036675,0.484998751188611,0.57475971409516,""
"Q9UNN8",95,0.623157894736842,-0.658514758198878,0.00304373549642273,0.033565638668884,"sign"
"Q9P253",80,0.611117647058824,-0.559463825020146,0.0161600598989332,0.0710092608851668,""
"P05388",89,0.599607843137255,-0.61598998917084,0.00315665090258301,0.0338001934798048,"sign"
"P07858",91,0.560653594771242,-0.222944747301693,0.300241438816892,0.406159000551685,""
"P17302",95,0.616842105263158,-0.78417505268117,0.000194672124999661,0.00552034525891895,"sign"
"P38646",73,0.597142857142857,-0.655947049434228,0.00613630901657128,0.04429299417416,"sign"
"O00391",53,0.650666666666667,-0.781613861649475,0.0175728439008432,0.0734359897751024,""
"P46783",89,0.575741314069487,-0.262703839390563,0.220900932449768,0.332188144630901,""
"P07954",49,0.675636363636364,-0.851827424650028,0.0109050940298928,0.0618474618552489,""
"Q8IUC3",92,0.545730994152047,0.223782245248645,0.290371375601679,0.398863713948448,""
"A0A286YF46",48,0.789777777777778,1.08082202615018,0.00357591750389727,0.0352054451184073,"sign"
"Q96P70",73,0.573333333333333,-0.365253526441119,0.123160489184499,0.216792741163773,""
"Q9BYR2",63,0.622820512820513,0.299275235518051,0.260398045037061,0.370241922961485,""
"P01876",77,0.672333333333333,0.145162717316638,0.603445883389775,0.684480044873545,""
"Q04695",90,0.605036119711042,0.348679057635649,0.113585564013325,0.206850774831605,""
"Q14247",88,0.612721018231854,-0.681804572753471,0.00231397252280736,0.0281459338192328,"sign"
"P84243",70,0.525714285714286,0.0581302147643106,0.800286122662482,0.856370864412413,""
"P01857",84,0.589852941176471,0.474645938017593,0.0159327319901706,0.0710092608851668,""
"Q9BYQ9",79,0.61,0.12274722608529,0.601595221732838,0.684336111827898,""
"P49441",56,0.71030303030303,-0.769572169253076,0.00674652038420256,0.0468178947469283,"sign"
"Q9P1F3",48,0.751313131313131,-0.0318715082894712,0.916257049958988,0.943543754060503,""
"Q71UI9",78,0.527833333333333,-0.304575578350614,0.182536588865076,0.288713250117271,""
"O76038",53,0.688121212121212,-0.658848538605022,0.0458209282747073,0.123747677041216,""
"Q6P1J6",74,0.592571428571429,-0.182012076644338,0.461461849653983,0.552478465339848,""
"P18206",79,0.527166666666667,-0.244089543021274,0.247152811522404,0.358100971439396,""
"Q9UH99",85,0.54624183006536,-0.0723526387395453,0.746791625381084,0.816739050347908,""
"Q15067",56,0.768909090909091,-0.260090816985773,0.46202229343282,0.552478465339848,""
"O00571",85,0.595735294117647,-0.216227587866888,0.329875494369253,0.42803159847844,""
"P04062",67,0.575604395604396,-0.383443309074432,0.092559313636363,0.183095702057769,""
"O60784",54,0.587272727272727,-0.367269639021985,0.205024595179324,0.311857334429852,""
"O00303",83,0.515179738562092,-0.153342228420957,0.477646947906876,0.567742030895299,""
"Q8N1N4",85,0.543986928104575,-0.179900383831861,0.413587164181339,0.513106575562474,""
"P52907",90,0.591510147918817,-0.222063607034458,0.308293075740663,0.414889325657774,""
"P48147",70,0.594769230769231,-0.416046838477514,0.0768395526386941,0.165789686943269,""
"P30044",71,0.56647619047619,-0.321986190778245,0.180974036587156,0.287386770100404,""
"Q13011",64,0.528498168498169,-0.421932159062416,0.101940705035013,0.19180312748294,""
"Q96P63",51,0.654545454545455,0.677873754748726,0.0152336783769093,0.0710092608851668,""
"Q5D862",57,0.755090909090909,0.0266101298758267,0.919776908870062,0.943543754060503,""
"Q9BVJ7",91,0.567430340557276,-0.367032906850273,0.0753145388254783,0.163387278217021,""
"P30101",81,0.535441176470588,-0.215074779026162,0.348395832988594,0.446171437730555,""
"Q3ZCW2",54,0.592727272727273,-0.317806500203876,0.240250920222596,0.350660350471951,""
"O43264",76,0.566261904761905,-0.377926471677023,0.120508862015363,0.21517188985769,""
"P26639",80,0.4975,-0.169552115099578,0.448861035956342,0.541634745515707,""
"Q99880",79,0.547990196078431,-0.335881796056546,0.129471469194635,0.224663325664737,""
"P62873",80,0.575313725490196,-0.372800040583308,0.0984207230194974,0.189674888537575,""
"P62081",61,0.525221445221445,0.260031576474057,0.320545744416078,0.424188868443943,""
"Q9Y3D6",53,0.641818181818182,0.0422441496250025,0.885069063205209,0.920333170310841,""
"B5ME19",63,0.618461538461539,0.444359502416267,0.0824744192983503,0.173239917785424,""
"P20618",67,0.698278388278388,-0.568623175880687,0.0437152096231717,0.121363204338456,""
"Q86Y82",63,0.609487179487179,-0.270228787591053,0.289169349979325,0.398611916464556,""
"P41567",59,0.538787878787879,-0.234720574082466,0.382798633563451,0.487086722835545,""
"P50570",89,0.595287237702098,-0.663891444162104,0.00323528300310474,0.0338001934798048,"sign"
"P01037",81,0.538382352941176,-0.00684642579507742,0.976300724547706,0.988753539911835,""
"Q9BYQ0",83,0.626503267973856,-0.0535563941954331,0.820541172759709,0.871002260924076,""
"Q06830",67,0.573831501831502,-0.242690808029943,0.337147411676703,0.434569878037828,""
"Q71DI3",65,0.501098901098901,0.181509740167598,0.445166798505043,0.538814692092994,""
"Q8IUB9",48,0.703777777777778,0.693995056897349,0.0278546674075889,0.0953301979380415,""
"P31151",92,0.656587547299622,0.850066799357589,0.000108054812703898,0.00407274147204915,"sign"
"O95197",82,0.70121568627451,-1.02379205358276,2.26005540782183e-05,0.00200176297713438,"sign"
"P36543",54,0.578909090909091,-0.231498467301387,0.430933944402833,0.524787656220628,""
"Q6PH81",90,0.593044375644995,-0.495398837700481,0.0238267452757863,0.0888850940009584,""
"P53582",66,0.627912087912088,-0.313128126796916,0.223803542660019,0.334651516429068,""
"Q9BYR0",68,0.574080586080586,0.501856126454531,0.0496723392553873,0.129736307134137,""
"P04259",53,0.716363636363636,0.14833026239058,0.63359515521621,0.704586209021948,""
"Q00577",66,0.608424908424908,-0.335344289697458,0.143603863384764,0.240551619256335,""
