"Accession","N","cvAcc","cohensD","p_uncorr","p_FDR","signInd","Primary_function"
"A0A024RCQ8",62,0.558275058275058,0.445905581275837,0.0928320377305964,0.211082626444826,"","(none/unknown)"
"A0A087WTT1",68,0.569289377289377,0.580107870947707,0.019405916747682,0.0829161897400958,"","translation"
"A0A087WUM3",40,0.661111111111111,0.911889337619847,0.00738053438067773,0.0458670112568943,"sign","oxidative_phosphorylation"
"A0A087WVQ6",67,0.631208791208791,0.452835785218241,0.073805005126231,0.186436527091303,"","intracellular_transport"
"A0A087WXI5",66,0.52021978021978,-0.0194543534371534,0.939558477167743,0.964660489740022,"","cell_adhesion_&_contact"
"A0A087X0X3",68,0.53585347985348,0.268879534663699,0.277497337466262,0.441538732270537,"","RNA_processing"
"A0A087X142",50,0.648,0.471080594941938,0.110759362631513,0.230183573360048,"","cell_division"
"A0A087X1Z2",40,0.610793650793651,0.76655942710411,0.0212621348673177,0.0854681868679678,"","calcium_ion_binding"
"A0A087X2D0",57,0.610909090909091,0.597563478540132,0.0307835638122415,0.108786986988529,"","RNA_processing"
"A0A096LP22",63,0.593310023310023,0.533835646707793,0.0483235952847994,0.141950561149098,"","translation"
"A0A0A0MQU5",56,0.563636363636364,-0.212747320660895,0.455320828688227,0.612915050908671,"","cell_organization"
"A0A0B4J2D5",46,0.617777777777778,-0.628527211370651,0.0445102013468429,0.133969128191729,"","(none/unknown)"
"A0A0C4DGH5",50,0.707111111111111,1.08550307890825,0.000623792095323495,0.0139373646033017,"sign","intracellular_proteolysis"
"A0A0C4DGI3",66,0.586813186813187,0.425017653354256,0.104367741296688,0.222758768895343,"","citric_acid_cycle"
"A0A0D9SF54",45,0.516666666666667,0.228393530249034,0.453235340883941,0.612669896637362,"","cell_organization"
"A0A0G2JIW1",68,0.461787545787546,-0.0681974148728679,0.781635613331583,0.858955682995679,"","protein_folding"
"A0A0G2JLE6",68,0.53789010989011,0.108482431392593,0.665297451674098,0.775069874844371,"","structural_proteins_hair_nail_epidermis"
"A0A0G2JQH2",61,0.525547785547786,0.307581656362188,0.241528039757174,0.401058004082419,"","translation"
"A0A0J9YWL0",68,0.590007326007326,0.426415834112158,0.0885993433759084,0.205833455523498,"","cell_differentiation"
"A0A0J9YXZ5",51,0.596161616161616,-0.500591518144397,0.0872829696528178,0.205833455523498,"","intracellular_signalling"
"A0A0U1RQX9",36,0.55047619047619,0.671320686769472,0.0596960329830116,0.165792164330091,"","tRNA_metabolism"
"A0A140T8Y9",66,0.580659340659341,0.624901718994964,0.0159390110907819,0.0747802022059627,"","intracellular_proteolysis"
"A0A140T9R8",68,0.682168498168498,1.00618913668634,0.000123804180581286,0.00581879648732042,"sign","intracellular_signalling"
"A0A140TA58",68,0.557025641025641,0.317060328302736,0.205188885689817,0.354910689793638,"","structural_proteins_hair_nail_epidermis"
"A0A140TA64",57,0.559417249417249,0.288108730758095,0.299025566623149,0.467179546734977,"","keratinization"
"A0A140TA67",68,0.589040293040293,0.430516547041052,0.0852689966519121,0.203568666276516,"","structural_proteins_hair_nail_epidermis"
"A0A140TA69",68,0.616967032967033,0.453598136071029,0.0735440287856601,0.186436527091303,"","structural_proteins_hair_nail_epidermis"
"A0A1B0GTG2",67,0.563296703296703,-0.228365426620101,0.368646196888874,0.538953638795243,"","xenobiotics_&_alcohol_metabolism"
"A0A1B0GVD5",68,0.657611721611722,0.855137805328623,0.000974223842754441,0.0171104927125547,"sign","intracellular_proteolysis"
"A0A1B0GWH0",46,0.608111111111111,0.560669064422413,0.0754615594033378,0.188963167194424,"","cell_organization"
"A0A286YF46",65,0.443626373626374,0.035875032375282,0.886734314836921,0.932520940387881,"","structural_proteins_hair_nail_epidermis"
"A0A286YFA2",68,0.64989010989011,0.810758618788232,0.0016624099657636,0.0236216857925944,"sign","AA_biosynthesis"
"A0A2R8Y619",61,0.53979020979021,0.216058256737765,0.408852162971124,0.569654586496806,"","DNA_packaging"
"A0A2R8Y6J3",61,0.536433566433566,0.30837437991272,0.2432705842282,0.402813894209838,"","translation"
"A0A2R8Y7Z0",68,0.606271062271062,0.604734887583577,0.0175193233687546,0.0789267351236685,"","cell_adhesion_&_contact"
"A0A384DVK4",48,0.48,0.0417651002665778,0.889921602291174,0.93426477491393,"","(none/unknown)"
"A0A3B3ISS6",54,0.487939393939394,0.119330926794064,0.665976570038126,0.775069874844371,"","cell_growth_control"
"A0A494C1T9",45,0.568888888888889,-0.495397269649161,0.124721872302051,0.253172970021771,"","cell_organization"
"A0A669KB35",52,0.661454545454545,-0.31469827127457,0.269853534813383,0.435040922878567,"","intracellular_signalling"
"A6NFX8",50,0.555313131313131,-0.151401337213146,0.599048637438082,0.732037434949336,"","nucleotide/-side_metabolism"
"A6NLN1",42,0.549444444444444,-0.51716789272507,0.109830721705965,0.229817023843645,"","RNA_processing"
"A8MUD9",54,0.633090909090909,0.654534465088632,0.0210367440537329,0.0854681868679678,"","translation"
"A8MUX0",67,0.644058608058608,0.932121126133809,0.000395872329652258,0.0109944542462513,"sign","structural_proteins_hair_nail_epidermis"
"A8MXZ3",68,0.548732600732601,-0.331452055209651,0.185275862806537,0.331537325603144,"","structural_proteins_hair_nail_epidermis"
"B0QZK4",51,0.499636363636364,0.402434469187816,0.171250176197692,0.31048622450086,"","DNA_packaging"
"B1AK88",38,0.47015873015873,0.154908828917334,0.640546561886839,0.759949416141473,"","cell_organization"
"B4DKY1",37,0.447857142857143,0.260939493990562,0.44513469315553,0.604026020173206,"","tRNA_metabolism"
"B4DQH6",66,0.556703296703297,0.382588546407821,0.130571404690958,0.260716105445017,"","ECM_organization"
"B5MDF5",67,0.623736263736264,0.300358567038323,0.236153197861394,0.394233890418884,"","nuclear_transport"
"B5ME19",41,0.59031746031746,0.787054488086733,0.0227042199104599,0.0900797296447468,"","translation"
"B7Z2U2",49,0.613979797979798,0.148876352793088,0.629424909842227,0.757044527388978,"","intracellular_transport"
"B7Z6Z4",66,0.612307692307692,0.575274849101707,0.0246769970894487,0.0948279573688879,"","cell_organization"
"B7ZC39",50,0.545292929292929,-0.295799697913552,0.31890405287211,0.48303948247156,"","intracellular_transport"
"B9A041",60,0.625198135198135,0.521402206479153,0.0494235403318417,0.143798967346454,"","citric_acid_cycle"
"C9IZL7",42,0.644444444444444,0.463351215948669,0.164044094360749,0.303319247098882,"","RNA_processing"
"C9J867",65,0.422051282051282,0.0204780110919961,0.93540576645813,0.963799196131396,"","nucleotide/-side_metabolism"
"C9J9T0",58,0.462424242424242,-0.233896166985164,0.385659002686546,0.55055525850813,"","additional_carb_catabolic_process"
"C9JF17",67,0.645377289377289,0.73448516587007,0.00370486941922795,0.0332893413992394,"sign","apolipoproteins_lipid_transport"
"C9JIZ6",51,0.580888888888889,0.549427903596311,0.0545661432188289,0.153640154408776,"","membrane_lipid_metabolism"
"C9JZR2",53,0.624181818181818,0.399539328659555,0.164750648251865,0.303319247098882,"","cell_adhesion_&_contact"
"D3YTB1",42,0.506746031746032,-0.141926610245575,0.661702468049801,0.774521471223043,"","translation"
"D6RD83",49,0.543111111111111,0.442599174186895,0.133972418572189,0.264909863260866,"","RNA_processing"
"D6RG13",65,0.558608058608059,-0.439513317969612,0.0822543713520976,0.199434209905284,"","translation"
"D6RHI9",68,0.553684981684982,0.275917136641918,0.27735426010372,0.441538732270537,"","further_RNA_metabolism"
"E5RFU2",50,0.571353535353535,0.257982059202641,0.380934433518983,0.546363706291311,"","xenobiotics_&_alcohol_metabolism"
"E5RGR0",67,0.508131868131868,0.324789634078981,0.194948823801572,0.342280837191841,"","protein_modification"
"E5RH77",59,0.805804195804196,-1.65829579679334,4.40444724539018e-08,1.3455586334667e-05,"sign","translation"
"E7EQB2",38,0.529285714285714,0.583323479076181,0.0851301798795946,0.203568666276516,"","innate_immune_system"
"E7EU96",40,0.508333333333333,-0.361403779820488,0.275928327496543,0.441503327518826,"","cell_cycle_regulation"
"E7EX73",57,0.46969696969697,0.102573802905483,0.705730228093395,0.804479793591538,"","translation"
"E9PB61",46,0.568555555555556,0.727835892830395,0.0204019222743012,0.0844906982065724,"","mRNA_transport"
"E9PCY7",60,0.55034965034965,-0.337936878016899,0.200561015135125,0.349124730050033,"","RNA_processing"
"E9PDF2",53,0.419393939393939,-0.0865278317075304,0.75739013933757,0.842924180574236,"","citric_acid_cycle"
"E9PEX6",66,0.705934065934066,0.970279285559087,0.000257692953181343,0.00915369807106441,"sign","additional_carb_catabolic_process"
"E9PH18",52,0.562545454545455,0.256124199180129,0.371402268093835,0.539319541274555,"","protein_folding"
"E9PHT9",55,0.589090909090909,0.053100969886396,0.848625075303495,0.903327388519922,"","blood_coagulation_regulation"
"E9PIE4",50,0.584,0.2189766522518,0.463323666826009,0.619454618010265,"","other_transmembrane_transport"
"E9PIL2",67,0.637450549450549,0.745183321522938,0.00369184373053148,0.0332893413992394,"sign","transcription"
"E9PQD7",67,0.638681318681319,0.432705442043566,0.0880952010340359,0.205833455523498,"","translation"
"F5GZS6",55,0.631393939393939,0.574370820024837,0.0420802957249213,0.128717460630488,"","other_transmembrane_transport"
"F5H365",68,0.610021978021978,0.387393233302692,0.127762527462598,0.256785869340945,"","intracellular_transport"
"F5H608",67,0.553421245421245,0.0780780669019692,0.763020025538517,0.847645882916425,"","oxidative_phosphorylation"
"F5H800",53,0.404666666666667,-0.0464996701612029,0.869069300705077,0.917100764647327,"","transcription"
"F6RFD5",53,0.640363636363636,-0.642211261809362,0.0283178559958704,0.102379940908147,"","cell_organization"
"F6WIT2",50,0.604727272727273,0.0132022570117301,0.9656367171419,0.973625734642522,"","protein_folding"
"F6X9W3",40,0.43,-0.0926352919471086,0.776874720939751,0.85821355375413,"","apoptosis_regulation"
"F8VQZ7",63,0.476153846153846,0.0911970714468068,0.720740791321657,0.817017854355348,"","protein_modification"
"F8VVM2",58,0.57,0.323037397706698,0.230911887125173,0.387602096245826,"","ion_transmembrane_transport"
"F8W6I7",66,0.558021978021978,0.331905323960104,0.194407013912999,0.342280837191841,"","RNA_processing"
"F8W809",68,0.652175824175824,0.771029169011215,0.00278831236672859,0.0312400099906108,"sign","oxidative_stress_response"
"F8WEF0",55,0.550242424242424,0.319535431170382,0.248747356554749,0.408788143827153,"","nucleotide/-side_metabolism"
"G3V279",66,0.472967032967033,-0.0173007402957994,0.945412678673658,0.965506959266678,"","cell_cycle_regulation"
"G3V325",49,0.611838383838384,0.448318425780079,0.135917632397216,0.267027888728936,"","(none/unknown)"
"G3V3X4",37,0.515714285714286,-0.18081017643684,0.59690480507311,0.730879430660662,"","cell_organization"
"G3V4C3",38,0.474285714285714,-0.0448004292352461,0.893857960860263,0.936787674246347,"","intracellular_transport"
"G5EA31",43,0.571888888888889,0.270538694626363,0.405640650796598,0.567154319534832,"","intracellular_transport"
"H0Y645",61,0.672191142191142,0.711975875671916,0.00843501098201497,0.0505273697059917,"","protein_modification"
"H0YF27",66,0.602637362637363,0.549078756830008,0.0334264552255437,0.113346301374489,"","transcription"
"H0YFD6",67,0.471868131868132,0.108335497079731,0.669590665487531,0.776318589398257,"","beta_oxidation"
"H0YGR4",59,0.590675990675991,0.490909606597198,0.0662796909644812,0.177086493757086,"","nucleotide/-side_metabolism"
"H0YHX9",55,0.65169696969697,-0.49013682980159,0.0791090823306132,0.193342597216019,"","protein_folding"
"H0YK49",53,0.533090909090909,0.101490251823955,0.710095830907165,0.80794888768022,"","beta_oxidation"
"H0YKD8",68,0.60356043956044,0.5348342878801,0.0325724440926878,0.111450579127546,"","translation"
"H0YL72",54,0.508909090909091,0.201692991818256,0.468376095821965,0.620776127000478,"","citric_acid_cycle"
"H3BNC9",45,0.515555555555556,-0.246374898432709,0.428878137225056,0.588376699330733,"","translation"
"H3BNX8",67,0.475384615384615,0.248983186804526,0.317242335300496,0.482176783255231,"","oxidative_phosphorylation"
"H3BQZ7",53,0.534181818181818,0.0146479012500246,0.956413316574487,0.970711854529919,"","(none/unknown)"
"H3BRG4",66,0.624615384615385,0.865360048135862,0.00077977681926214,0.0160738780142138,"sign","oxidative_phosphorylation"
"H3BV16",44,0.640333333333333,0.89309946717038,0.00904854133649913,0.0535236557338278,"","oxidative_phosphorylation"
"H7C003",57,0.566242424242424,0.174087028049321,0.54505035411565,0.698167225083149,"","protein_modification"
"H7C123",52,0.575272727272727,0.812134139546136,0.00629796657776786,0.0439869434933919,"sign","translation"
"H7C131",68,0.596351648351648,0.249817643395399,0.321514363623576,0.483855360034494,"","beta_oxidation"
"H7C1Q3",68,0.533626373626374,-0.270909242615618,0.271127165899784,0.435943943065179,"","protein_modification"
"H7C2W9",41,0.518888888888889,0.323007104736962,0.31666065205113,0.482176783255231,"","translation"
"H9KV45",61,0.481048951048951,-0.0276897048872832,0.91494889303066,0.951479437972606,"","intracellular_proteolysis"
"H9KV75",66,0.644029304029304,0.641857076682309,0.0128345238529666,0.0677840906653855,"","cell_organization"
"J3KRC4",68,0.546212454212454,-0.0875618466289731,0.729143585210607,0.821968137571366,"","nucleotide/-side_metabolism"
"J3KRY3",68,0.528659340659341,0.21162615186803,0.39587396340179,0.562091277228121,"","RNA_processing"
"J3QTR3",68,0.512747252747253,0.419123356125515,0.0950588272545793,0.21376298113866,"","(none/unknown)"
"K7EJV9",50,0.899232323232323,-2.35633592274168,1.67426775332413e-10,1.02297759728104e-07,"sign","translation"
"K7EKI8",68,0.467238095238095,0.0421790960038168,0.866727694718944,0.916212147877638,"","cell_organization"
"K7ELW0",67,0.547619047619048,-0.272420075749891,0.288084747386829,0.454316427489864,"","oxidative_stress_response"
"K7EMH1",44,0.651666666666667,0.519225848961289,0.099886283386598,0.217966139818612,"","translation"
"K7EQM4",39,0.492777777777778,0.134012609323118,0.686639329558486,0.788602688647058,"","translation"
"K7ERE3",68,0.515824175824176,0.158165622231746,0.529062230528605,0.681976841461978,"","structural_proteins_hair_nail_epidermis"
"M0QXM4",54,0.574,0.155931590872501,0.578096510445133,0.716441870337787,"","other_transmembrane_transport"
"M0R026",60,0.546293706293706,0.367146522812815,0.169778953096124,0.309951605564408,"","additional_lipid_catabolic_process"
"O00154",67,0.477377289377289,0.346797123934705,0.157656389142948,0.295484827504114,"","additional_lipid_catabolic_process"
"O00244",62,0.469114219114219,0.191281848776936,0.460820261547079,0.618815779791791,"","intracellular_transport"
"O00303",38,0.473571428571429,0.143654054822878,0.675110780625083,0.781236149549101,"","translation"
"O00391",62,0.435128205128205,0.11479531488394,0.660529529111538,0.774521471223043,"","ECM_organization"
"O00571",52,0.522909090909091,0.200611689715253,0.487699163365064,0.635360743744252,"","further_RNA_metabolism"
"O14734",46,0.666222222222222,0.775895859974289,0.0202701911702169,0.0844906982065724,"","beta_oxidation"
"O14773",62,0.579207459207459,0.617134500360751,0.0211299810026334,0.0854681868679678,"","intracellular_proteolysis"
"O14908",52,0.606545454545454,0.28674539957964,0.366330535194749,0.538047973567288,"","intracellular_signalling"
"O14949",40,0.62,0.714538292301847,0.0342945368391481,0.113880228308258,"","oxidative_phosphorylation"
"O15118",63,0.48948717948718,0.176603658756558,0.478565721052927,0.62882506572761,"","cholesterol_homeostasis"
"O15254",54,0.427575757575758,0.119374060946108,0.668856195923857,0.776318589398257,"","beta_oxidation"
"O43264",51,0.535717171717172,-0.245105176598017,0.402345576085442,0.564654274955395,"","cell_division"
"O43396",54,0.625818181818182,0.354779900722888,0.249620089421088,0.408895106263498,"","oxidative_stress_response"
"O43488",46,0.625444444444444,0.776602597487537,0.0131368320423885,0.0680220709991472,"","xenobiotics_&_alcohol_metabolism"
"O43598",68,0.655692307692308,-0.677425343864931,0.00750452911280949,0.0458670112568943,"sign","nucleotide/-side_metabolism"
"O43790",68,0.624717948717949,0.624131200340942,0.0157725812702432,0.0747057919078961,"","structural_proteins_hair_nail_epidermis"
"O60547",48,0.559393939393939,0.233857968715995,0.44585226693636,0.604026020173206,"","nucleotide/-side_metabolism"
"O60784",66,0.518021978021978,-0.20079387702328,0.428909055488676,0.588376699330733,"","intracellular_transport"
"O60814",68,0.522945054945055,-0.132362449333754,0.604735968534681,0.737219335586781,"","DNA_packaging"
"O60884",45,0.591333333333333,0.508335024682061,0.105184596938944,0.222758768895343,"","protein_folding"
"O60925",58,0.521212121212121,-0.250041946506684,0.356443514295615,0.528885458315963,"","protein_folding"
"O75223",65,0.624615384615385,0.761323553562562,0.00367733464648016,0.0332893413992394,"sign","glutathione_metabolism"
"O75367",68,0.615164835164835,0.441727432456572,0.0774346815504843,0.190871424660419,"","DNA_packaging"
"O75396",49,0.526222222222222,0.00730856602379469,0.980388277780446,0.986848826563184,"","intracellular_transport"
"O75531",54,0.697575757575758,-0.63223172346243,0.043476730304572,0.131506347604423,"","DNA_packaging"
"O75746",43,0.597777777777778,0.346537608387827,0.265746594299726,0.429553357452731,"","other_transmembrane_transport"
"O75844",46,0.564,0.0559156561942583,0.861946534395317,0.912737144740968,"","protein_modification"
"O76009",68,0.626695970695971,0.457753938708025,0.0692706626148439,0.180103722798594,"","structural_proteins_hair_nail_epidermis"
"O76011",66,0.50989010989011,0.0926519077111267,0.714686543008913,0.81166073936514,"","structural_proteins_hair_nail_epidermis"
"O76013",68,0.50814652014652,0.224078125945995,0.368711327359102,0.538953638795243,"","structural_proteins_hair_nail_epidermis"
"O76014",67,0.594505494505495,0.415302713621408,0.0986005753849333,0.215931726022202,"","structural_proteins_hair_nail_epidermis"
"O76015",68,0.528849816849817,0.352157588410556,0.161764299836954,0.300419413982915,"","structural_proteins_hair_nail_epidermis"
"O76038",55,0.552727272727273,0.150393701850834,0.605702301905997,0.737219335586781,"","calcium_ion_binding"
"O94919",65,0.476923076923077,-0.0637321770125537,0.801448973089224,0.877572262647878,"","further_DNA_metabolism"
"O95147",68,0.526637362637363,-0.0172764991790172,0.945368741233921,0.965506959266678,"","intracellular_signalling"
"O95197",56,0.679030303030303,0.528063297957598,0.0728080541802305,0.186132724285025,"","intracellular_transport"
"O95235",53,0.704181818181818,-1.28089594669971,3.02180887943835e-05,0.0026376074647669,"sign","cell_division"
"O95678",68,0.631868131868132,0.515296665143321,0.0419636320352632,0.128717460630488,"","structural_proteins_hair_nail_epidermis"
"O95751",50,0.588,0.0303994910004695,0.923071764110232,0.95430938726117,"","transcription"
"O95833",68,0.585860805860806,0.564624007413008,0.0254196080908798,0.0964682021337114,"","ion_transmembrane_transport"
"P00338",68,0.566139194139194,0.413040707425968,0.100529175543677,0.218588349669704,"","anaerobic_respiration"
"P00441",68,0.490564102564103,0.240334959492693,0.335531333822851,0.502474620014123,"","oxidative_stress_response"
"P00505",60,0.651095571095571,0.898525519464207,0.00115690124791574,0.0186017542756979,"sign","AA_catabolic_process"
"P00558",68,0.547179487179487,0.520533938396866,0.0386704695578441,0.125014057671126,"","glycolysis"
"P00966",65,0.611904761904762,0.411682048880353,0.102633083710949,0.222357975691435,"","AA_biosynthesis"
"P01037",68,0.506739926739927,0.19009637530046,0.441481547151755,0.600768875968201,"","extracellular_proteolysis"
"P01857",50,0.572,-0.22440893837398,0.467973689764514,0.620776127000478,"","adaptive_immune_system"
"P01876",63,0.7104662004662,1.06787064084773,7.37075652360293e-05,0.00451557299254068,"sign","adaptive_immune_system"
"P02511",66,0.56021978021978,0.303312400793781,0.241553756959624,0.401058004082419,"","stress_response"
"P02533",68,0.694505494505494,0.883134548908214,0.000617506123539472,0.0139373646033017,"sign","structural_proteins_hair_nail_epidermis"
"P02538",60,0.69037296037296,0.768976881727759,0.00507575743883067,0.0384903484245583,"sign","structural_proteins_hair_nail_epidermis"
"P02545",68,0.619208791208791,0.706519019611587,0.00510264848181542,0.0384903484245583,"sign","cell_organization"
"P02768",68,0.570974358974359,0.618729144107631,0.013110274780927,0.0680220709991472,"","colloid_osmotic_pressure_regulation"
"P04040",68,0.685494505494506,0.953347685700557,0.000269667046283403,0.00915369807106441,"sign","oxidative_stress_response"
"P04062",56,0.541090909090909,-0.026399439909986,0.922514129195164,0.95430938726117,"","membrane_lipid_metabolism"
"P04075",63,0.634871794871795,0.556217286962395,0.0339438339975288,0.113346301374489,"","glycolysis"
"P04080",42,0.559206349206349,0.32318196285263,0.31939108169969,0.48303948247156,"","intracellular_proteolysis"
"P04083",65,0.584908424908425,0.738987776379483,0.00502235055721776,0.0384903484245583,"sign","inflammation_regulation"
"P04259",68,0.493216117216117,0.0995958939087768,0.687949012302049,0.788624477516983,"","structural_proteins_hair_nail_epidermis"
"P04264",68,0.773010989010989,1.42278854902444,1.84161150872654e-07,3.75074877277304e-05,"sign","structural_proteins_hair_nail_epidermis"
"P04406",68,0.623897435897436,0.658420074360004,0.0105050247393337,0.0583506374157537,"","glycolysis"
"P04745",68,0.579970695970696,0.587375251929753,0.0191771234651728,0.0825156509663422,"","additional_carb_catabolic_process"
"P04792",68,0.614739926739927,0.649317242065837,0.0104964852538961,0.0583506374157537,"","protein_folding"
"P05091",68,0.640893772893773,0.646951139542429,0.0103225978402609,0.0583506374157537,"","xenobiotics_&_alcohol_metabolism"
"P05109",64,0.602014652014652,0.675431969948363,0.0127301268481285,0.0677840906653855,"","inflammation_regulation"
"P05141",68,0.548586080586081,0.374454190286829,0.135081250264979,0.266240786812588,"","other_transmembrane_transport"
"P05198",57,0.500909090909091,-0.245375447266657,0.362193100560193,0.534541025222893,"","translation"
"P05387",63,0.644615384615385,0.615784122021161,0.0183671566833045,0.0807362067158204,"","translation"
"P05388",54,0.638848484848485,0.794387934177302,0.00590925815832797,0.0429828182706951,"sign","translation"
"P06576",68,0.609728937728938,0.611750969018036,0.0153719699568407,0.0747057919078961,"","oxidative_phosphorylation"
"P06702",68,0.608454212454212,0.430803210075721,0.088062288472663,0.205833455523498,"","inflammation_regulation"
"P06703",68,0.451267399267399,0.0493805240125552,0.843053015460007,0.903327388519922,"","intracellular_signalling"
"P06733",68,0.606915750915751,0.445613672246746,0.0773209750968716,0.190871424660419,"","glycolysis"
"P06744",64,0.534432234432234,0.199219214068203,0.422900212993443,0.585701254040348,"","glycolysis"
"P07099",37,0.447857142857143,0.21576741353532,0.504140149184151,0.652605150744738,"","xenobiotics_&_alcohol_metabolism"
"P07108",65,0.517802197802198,-0.249123969109684,0.320403500745633,0.483374170260696,"","intracellular_transport"
"P07195",68,0.539355311355311,0.420356707815173,0.0955111192321671,0.21376298113866,"","anaerobic_respiration"
"P07237",63,0.65,0.560556388030447,0.0326508243270552,0.111450579127546,"","protein_modification"
"P07305",68,0.625201465201465,0.92878115304718,0.000317117114091022,0.0101978187741902,"sign","DNA_packaging"
"P07355",68,0.601054945054945,0.580399119346868,0.0206041146199334,0.0844906982065724,"","cell_growth_control"
"P07437",68,0.664029304029304,-0.769032654691324,0.00323148530168432,0.0313402780845892,"sign","cell_organization"
"P07686",68,0.574168498168498,0.550523572669731,0.0291149454419614,0.104642539206108,"","membrane_lipid_metabolism"
"P07737",64,0.616410256410256,0.468440258445892,0.0718431138229198,0.184437573721865,"","cell_organization"
"P07814",65,0.550769230769231,0.189033462503853,0.47352564038906,0.624877897033165,"","tRNA_metabolism"
"P07858",64,0.427948717948718,-0.112296481208766,0.65558709521045,0.770314836872278,"","intracellular_proteolysis"
"P07900",68,0.66174358974359,0.782658105504667,0.00221973605367063,0.0293892283129902,"sign","protein_folding"
"P07919",40,0.655,0.574102995475817,0.085292272613401,0.203568666276516,"","oxidative_phosphorylation"
"P07954",64,0.556703296703297,0.146248107812443,0.571295949246351,0.715290624978525,"","citric_acid_cycle"
"P08559",58,0.676666666666667,0.791849037306174,0.00633527173063583,0.0439869434933919,"sign","additional_carb_catabolic_process"
"P08574",42,0.568888888888889,0.333867024620346,0.299728939967448,0.467179546734977,"","oxidative_phosphorylation"
"P08727",52,0.639090909090909,0.806367960604854,0.0063192658137988,0.0439869434933919,"sign","structural_proteins_hair_nail_epidermis"
"P08729",68,0.656029304029304,0.466503815290519,0.0651474727128871,0.176765148340719,"","structural_proteins_hair_nail_epidermis"
"P08779",59,0.581445221445221,0.29693209197144,0.279343558031666,0.44332185443467,"","structural_proteins_hair_nail_epidermis"
"P08865",65,0.609230769230769,0.532088812203009,0.03772288503858,0.123917649239637,"","translation"
"P09211",66,0.517802197802198,0.140624996921609,0.577416026012111,0.716441870337787,"","glutathione_metabolism"
"P09382",68,0.59570695970696,0.28654788911369,0.259660233604489,0.421468428237372,"","cell_growth_control"
"P09467",68,0.616776556776557,0.688721143347853,0.00745229267819259,0.0458670112568943,"sign","carb_anabolic_process"
"P09525",67,0.47978021978022,-0.13369830279476,0.588582722311229,0.723589624410786,"","intracellular_transport"
"P0DPA2",68,0.601098901098901,0.630093993403123,0.0128689926631501,0.0677840906653855,"","adaptive_immune_system"
"P10412",68,0.529010989010989,0.215861303669114,0.372840838638744,0.539824057839508,"","DNA_packaging"
"P10599",68,0.525421245421245,0.211036887205808,0.402928418789774,0.564654274955395,"","oxidative_stress_response"
"P10606",67,0.52240293040293,0.255835760294415,0.306895388932641,0.472096234201449,"","oxidative_phosphorylation"
"P10809",68,0.59956043956044,0.42837019165602,0.0913537883192763,0.209838964898789,"","protein_folding"
"P11021",68,0.617172161172161,0.465565466447469,0.0653828535597422,0.176765148340719,"","protein_folding"
"P11142",67,0.655897435897436,0.697576066445894,0.00645120563525327,0.0442886139678623,"sign","protein_folding"
"P11177",60,0.614568764568765,0.338602345285373,0.217123144730146,0.36953270593348,"","additional_carb_catabolic_process"
"P11279",59,0.647575757575758,0.959240349887124,0.000638700832884531,0.0139373646033017,"sign","cell_organization"
"P11387",54,0.687272727272727,0.88852396801513,0.00343028058424192,0.032244637491874,"sign","DNA_replication"
"P11413",55,0.550424242424242,0.693291866966376,0.0141040591818036,0.0718131680006832,"","additional_carb_catabolic_process"
"P12236",46,0.578666666666667,0.449679125091252,0.1483265613077,0.284201799893524,"","other_transmembrane_transport"
"P12268",38,0.626269841269841,0.330829063846289,0.371393163511602,0.539319541274555,"","nucleotide/-side_metabolism"
"P12270",51,0.524363636363636,-0.498696627577552,0.0897192996110612,0.207645803266509,"","nuclear_transport"
"P12532",68,0.66421978021978,0.615162064024177,0.0157237395031117,0.0747057919078961,"","other_transmembrane_transport"
"P13639",68,0.547311355311355,0.491907188960971,0.0505660307098698,0.146277271849246,"","translation"
"P13645",68,0.673992673992674,0.988069115175559,0.000168536527334957,0.00726693369666348,"sign","structural_proteins_hair_nail_epidermis"
"P13647",68,0.717802197802198,1.06169897361834,4.72991328100943e-05,0.00361247126837095,"sign","structural_proteins_hair_nail_epidermis"
"P14174",68,0.591516483516484,0.289853570016216,0.253894256201652,0.414784466682378,"","inflammation_regulation"
"P14618",68,0.647721611721612,0.732634447804736,0.00428429398500121,0.0349027149978098,"sign","glycolysis"
"P14625",64,0.506923076923077,0.117795028039912,0.642174473982815,0.760404270549418,"","protein_folding"
"P14923",68,0.655663003663004,0.693550311207383,0.00668381280285303,0.0444729204424813,"sign","cell_adhesion_&_contact"
"P15090",67,0.599794871794872,0.589881283517831,0.0205326895863923,0.0844906982065724,"","intracellular_transport"
"P15309",68,0.577216117216117,0.590492422696099,0.0185603676813861,0.0809241941378028,"","protein_modification"
"P15311",46,0.609444444444444,0.935053419154655,0.00341075963136614,0.032244637491874,"sign","cell_organization"
"P15924",68,0.605802197802198,0.694315362191377,0.00690598349867061,0.0447243344417247,"sign","cell_adhesion_&_contact"
"P16152",55,0.476606060606061,0.156582266072673,0.562058789606758,0.710948739210151,"","xenobiotics_&_alcohol_metabolism"
"P16401",65,0.599450549450549,0.241833278940916,0.358335742557647,0.530128665139764,"","DNA_packaging"
"P17174",44,0.658111111111111,0.701602577541227,0.0299070523226479,0.106860871164549,"","AA_catabolic_process"
"P17302",66,0.566849816849817,-0.463771599749644,0.0663712063344889,0.177086493757086,"","cell_adhesion_&_contact"
"P17643",64,0.606007326007326,0.529913387348771,0.0426186383160412,0.129552179159707,"","melanin_metabolism"
"P17900",52,0.562545454545455,0.18393424289909,0.549114449070629,0.698976934129488,"","membrane_lipid_metabolism"
"P17931",68,0.605347985347985,0.769530588183699,0.00261474608249171,0.0307232664692776,"sign","innate_immune_system"
"P18206",50,0.539717171717172,-0.143863648584458,0.643563855262639,0.760575465310392,"","cell_adhesion_&_contact"
"P18669",68,0.601494505494505,0.602424234963447,0.0186748140318006,0.0809241941378028,"","glycolysis"
"P19367",68,0.426637362637363,0.0788251852412876,0.745695962027094,0.832943752830995,"","glycolysis"
"P19623",48,0.620888888888889,0.842238474293234,0.00758194457765356,0.0458670112568943,"sign","cell_growth_control"
"P20042",37,0.47,0.00623565642996775,0.985178213075151,0.990039289784404,"","translation"
"P20618",51,0.562828282828283,-0.385870241277484,0.185574084052823,0.331537325603144,"","intracellular_proteolysis"
"P20700",68,0.489391941391941,0.0493828581070749,0.845490228772937,0.903327388519922,"","cell_organization"
"P21281",63,0.593406593406593,0.562825445831738,0.0323314880269778,0.111450579127546,"","protone_transmembrane_transport"
"P21291",65,0.573479853479854,-0.440860887321514,0.0858040847188678,0.203993368728515,"","cell_organization"
"P21796",68,0.58981684981685,0.365121424939922,0.140991062546893,0.275757729460304,"","ion_transmembrane_transport"
"P21964",68,0.612131868131868,0.739761578312631,0.00398361196046922,0.0342815057443196,"sign","neurotransmitter_&_-modulator_metabolism"
"P22307",58,0.678848484848485,0.665265218084061,0.0198833071173044,0.0837841424046414,"","intracellular_transport"
"P22392",68,0.691355311355311,0.653806055209275,0.0110966923024205,0.0610817927637741,"","nucleotide/-side_metabolism"
"P22735",68,0.619032967032967,0.548732838223025,0.0256759296597058,0.0968394630992607,"","protein_modification"
"P23246",68,0.511882783882784,-0.0776014606094026,0.756072367934272,0.842924180574236,"","RNA_processing"
"P23284",58,0.606153846153846,0.438255912355118,0.105659278678448,0.222758768895343,"","protein_modification"
"P23396",66,0.617765567765568,0.562004383907085,0.0269315581606444,0.0985340241685852,"","translation"
"P23526",64,0.606153846153846,0.532878982247062,0.0358854863213931,0.118519092661466,"","AA_biosynthesis"
"P23528",68,0.523985347985348,-0.0224486380701903,0.929081230777772,0.958899716225032,"","cell_organization"
"P23634",43,0.592936507936508,0.509329533300988,0.110221351494964,0.229847255165266,"","ion_transmembrane_transport"
"P24298",67,0.647912087912088,-0.731398103913217,0.00424014388815197,0.0349027149978098,"sign","AA_catabolic_process"
"P25685",52,0.659676767676768,0.999855459426932,0.000980142790408207,0.0171104927125547,"sign","protein_folding"
"P25705",68,0.608981684981685,0.608964783574334,0.0165140283074042,0.0764399340592726,"","oxidative_phosphorylation"
"P25786",46,0.635555555555556,0.663167562350768,0.0275764102353332,0.100292777701122,"","intracellular_proteolysis"
"P25788",66,0.628168498168498,0.383228745848658,0.131952518382063,0.262539647970576,"","intracellular_proteolysis"
"P26447",55,0.541393939393939,0.408308623240294,0.141464437219185,0.275757729460304,"","cell_cycle_regulation"
"P26639",62,0.677459207459208,0.595827378081233,0.0260423679960148,0.0976189377028529,"","tRNA_metabolism"
"P26641",65,0.461538461538462,-0.054659434183223,0.827887090777134,0.893708502588037,"","translation"
"P27348",68,0.521347985347985,-0.150644567122236,0.542999187422049,0.697001057804353,"","intracellular_signalling"
"P27482",68,0.506959706959707,0.00215898812287262,0.993171359777194,0.996433006278925,"","cell_migration"
"P28066",67,0.583956043956044,-0.772314111903561,0.00292723871365727,0.0312400099906108,"sign","intracellular_proteolysis"
"P28799",65,0.543003663003663,0.370513914150111,0.153156295150595,0.289716706925739,"","cell_growth_control"
"P28838",68,0.566681318681319,0.357657366163938,0.159496286439417,0.298019055090165,"","intracellular_proteolysis"
"P29401",67,0.606666666666667,0.495798470727083,0.048218575327686,0.141950561149098,"","carb_anabolic_process"
"P29508",47,0.564888888888889,0.231865122420883,0.463136286475927,0.619454618010265,"","intracellular_proteolysis"
"P29692",56,0.551212121212121,0.5844598260152,0.0315096406985958,0.110013659810526,"","translation"
"P30038",63,0.576013986013986,0.258464588532453,0.323905774197045,0.486256579937088,"","AA_catabolic_process"
"P30041",68,0.478021978021978,0.141027852082466,0.574153557083877,0.715934333424998,"","oxidative_stress_response"
"P30044",59,0.576177156177156,-0.305633181196889,0.276029903620608,0.441503327518826,"","oxidative_stress_response"
"P30046",67,0.503296703296703,0.269823998166481,0.288502084887181,0.454316427489864,"","melanin_metabolism"
"P30050",68,0.617289377289377,0.771019723577824,0.0024395138203913,0.0304192437603895,"sign","translation"
"P30084",48,0.494181818181818,0.180585120242183,0.546389612297626,0.69841852115868,"","beta_oxidation"
"P30101",62,0.639230769230769,0.591383785887477,0.0252144842966973,0.0962878119080129,"","protein_folding"
"P30154",53,0.571818181818182,0.0323594702567671,0.908074541108141,0.946814922554734,"","cell_growth_control"
"P30626",43,0.535555555555556,0.481871447431584,0.108107540007402,0.226988683658154,"","calcium_ion_binding"
"P31151",67,0.672161172161172,0.743749492532834,0.00393214460779085,0.0342815057443196,"sign","innate_immune_system"
"P31930",68,0.597172161172161,0.509337213547419,0.0420431399833067,0.128717460630488,"","oxidative_phosphorylation"
"P31942",50,0.624484848484849,0.576150811484652,0.0516527731931858,0.147475908509516,"","RNA_processing"
"P31946",67,0.617582417582418,0.480582601105116,0.0623694372220428,0.170886664316898,"","intracellular_signalling"
"P31947",68,0.626593406593407,0.695954214899094,0.00662357974800969,0.0444729204424813,"sign","intracellular_signalling"
"P32119",68,0.63170695970696,0.705102614739827,0.00537146707519257,0.0400239802797885,"sign","oxidative_stress_response"
"P33764",68,0.591164835164835,0.622457425990044,0.0149146803564475,0.0747057919078961,"","cell_differentiation"
"P33897",50,0.559959595959596,-0.568656076369254,0.0528585009267974,0.149521037343857,"","beta_oxidation"
"P34820",43,0.554444444444444,-0.0160336168005292,0.960764419125069,0.971899106101684,"","cell_differentiation"
"P35221",68,0.530769230769231,0.226775324316317,0.356629801679504,0.528885458315963,"","cell_adhesion_&_contact"
"P35232",68,0.530901098901099,0.387692688761621,0.121189872166606,0.246823372979322,"","cell_growth_control"
"P35527",68,0.710344322344322,1.18621510381602,8.04718511625289e-06,0.000983366021206104,"sign","structural_proteins_hair_nail_epidermis"
"P35658",47,0.463666666666667,0.165131982626659,0.578797752048975,0.716441870337787,"","nuclear_transport"
"P35908",68,0.740923076923077,0.841434087334963,0.00108389527617611,0.0183961114928779,"sign","structural_proteins_hair_nail_epidermis"
"P36542",68,0.630549450549451,-0.736649220861463,0.00463248613545115,0.0372427503784296,"sign","oxidative_phosphorylation"
"P36543",48,0.547111111111111,-0.272130147581118,0.36477595825744,0.537055687940472,"","protone_transmembrane_transport"
"P36952",66,0.605054945054945,0.870674451425986,0.000905532001926272,0.0171104927125547,"sign","cell_growth_control"
"P36957",41,0.560555555555556,-0.449198518238884,0.164815040976807,0.303319247098882,"","citric_acid_cycle"
"P37108",47,0.617090909090909,-0.410797544882165,0.191080341168441,0.340379266629498,"","intracellular_transport"
"P38606",66,0.438058608058608,0.0581195360722041,0.818239326269261,0.886425936791699,"","protone_transmembrane_transport"
"P38646",49,0.549777777777778,0.0846116664639873,0.769669604277013,0.851935014879086,"","protein_folding"
"P39656",57,0.498181818181818,-0.157179451485723,0.568388117426293,0.713148587988006,"","protein_modification"
"P40121",62,0.564172494172494,0.341793909515984,0.191795265520495,0.340659614049484,"","cell_organization"
"P40429",68,0.702710622710623,0.858606768064864,0.000969247912121801,0.0171104927125547,"sign","translation"
"P40926",68,0.603091575091575,0.692988438760535,0.00669641355271404,0.0444729204424813,"sign","citric_acid_cycle"
"P40967",68,0.505684981684982,0.218870045885507,0.379528000495788,0.546363706291311,"","melanin_metabolism"
"P41091",68,0.586432234432234,0.454147465195498,0.0662453902784085,0.177086493757086,"","translation"
"P41250",68,0.544161172161172,-0.195029930654181,0.434498892745306,0.592586659525406,"","tRNA_metabolism"
"P41567",61,0.542074592074592,-0.23333668725577,0.378025757346621,0.546037205056231,"","translation"
"P42765",68,0.534798534798535,0.362227176665389,0.144922113814296,0.281102893779475,"","beta_oxidation"
"P43155",68,0.47607326007326,0.278482138458274,0.256244869587478,0.41750830751453,"","beta_oxidation"
"P45880",68,0.635604395604396,0.6976559498026,0.00624828987511569,0.0439869434933919,"sign","other_transmembrane_transport"
"P46776",49,0.572484848484848,-0.461545161951873,0.127395939037093,0.256785869340945,"","translation"
"P46783",50,0.577292929292929,0.602461788369794,0.0413726649926011,0.128717460630488,"","translation"
"P47929",68,0.517435897435897,-0.0595289009055185,0.813488516736883,0.885031598997909,"","cell_adhesion_&_contact"
"P48147",54,0.527575757575758,0.105188661795124,0.695986666542652,0.794855800481421,"","intracellular_proteolysis"
"P48163",53,0.458909090909091,-0.0503870816747518,0.856659608325435,0.90871357758132,"","additional_carb_catabolic_process"
"P48594",65,0.48,-0.215538410677723,0.387025765386075,0.551218514337743,"","intracellular_proteolysis"
"P48735",44,0.729333333333333,0.976725128249757,0.00397069803972997,0.0342815057443196,"sign","citric_acid_cycle"
"P49189",37,0.791825396825397,1.36839606821096,0.000190296136082841,0.00726693369666348,"sign","neurotransmitter_&_-modulator_metabolism"
"P49327",68,0.664805860805861,0.792326620478432,0.00187511645803311,0.0254599145746274,"sign","lipid_anabolic_process"
"P49411",44,0.520555555555556,-0.268270481399153,0.400594577063003,0.563970706418191,"","translation"
"P49441",56,0.492787878787879,-0.132298684765296,0.628871718810229,0.757044527388978,"","intracellular_signalling"
"P49748",68,0.535575091575092,0.342115130455151,0.169940733001762,0.309951605564408,"","beta_oxidation"
"P49755",42,0.613888888888889,0.602896624186022,0.0667550213471078,0.177336165404708,"","intracellular_transport"
"P49770",60,0.488321678321678,-0.0719329016594347,0.792242185584763,0.869048429788672,"","translation"
"P49773",52,0.54379797979798,0.0821105061066804,0.779555683033621,0.85821355375413,"","nucleotide/-side_metabolism"
"P50395",68,0.558241758241758,0.495802145261769,0.0457726925543593,0.1364249519547,"","intracellular_transport"
"P50402",40,0.697539682539683,-0.57256054278928,0.0838938772741919,0.202605371598938,"","cell_organization"
"P50416",65,0.587692307692308,0.370817957681344,0.151022135913855,0.286961600266227,"","other_transmembrane_transport"
"P50570",47,0.555555555555556,0.121805368870488,0.680365053961933,0.782868263598383,"","intracellular_transport"
"P51149",49,0.509373737373737,0.327022754391323,0.260054987635825,0.421468428237372,"","intracellular_transport"
"P51178",68,0.598915750915751,0.532405648174799,0.0335919935275461,0.113346301374489,"","intracellular_signalling"
"P51659",68,0.565128205128205,0.455486526112989,0.0692395510538117,0.180103722798594,"","beta_oxidation"
"P51788",63,0.572051282051282,0.404042688491124,0.116746415242619,0.239369327896778,"","ion_transmembrane_transport"
"P52758",61,0.476759906759907,0.0328894364014516,0.898459853883603,0.93999823753918,"","AA_catabolic_process"
"P52789",40,0.487698412698413,-0.196989970262863,0.538901401231165,0.693197381373141,"","glycolysis"
"P52907",66,0.611208791208791,0.58224816039972,0.0217698506047939,0.0869371158139156,"","cell_organization"
"P53582",68,0.48021978021978,-0.0250751251792673,0.920446260357098,0.95430938726117,"","protein_modification"
"P54577",37,0.555,0.198347477467074,0.568417941653288,0.713148587988006,"","tRNA_metabolism"
"P54652",68,0.545377289377289,0.307872068362616,0.21682165881634,0.36953270593348,"","stress_response"
"P54920",49,0.618222222222222,0.413611379520609,0.183679080136089,0.330256809012801,"","intracellular_transport"
"P55072",68,0.59440293040293,0.406257361107691,0.104882204483397,0.222758768895343,"","protein_quality_control"
"P55084",67,0.61440293040293,0.610636994995681,0.0150653759068243,0.0747057919078961,"","beta_oxidation"
"P55795",68,0.528791208791209,0.424845949066438,0.0954679101167835,0.21376298113866,"","RNA_processing"
"P56385",62,0.576923076923077,-0.463173021746764,0.0766043357067421,0.190871424660419,"","oxidative_phosphorylation"
"P56537",53,0.585090909090909,-0.552946146533641,0.0576399593358493,0.16105057085249,"","translation"
"P57058",51,0.538868686868687,-0.215831786493788,0.45542296745096,0.612915050908671,"","intracellular_signalling"
"P59998",64,0.567509157509158,-0.322953248377652,0.209600927304885,0.359736422986755,"","cell_organization"
"P60014",66,0.634065934065934,0.355119031737881,0.165839124879531,0.304287403307489,"","structural_proteins_hair_nail_epidermis"
"P60174",68,0.617142857142857,0.750314231385391,0.00318867254101568,0.0313402780845892,"sign","glycolysis"
"P60369",54,0.659818181818182,1.0032902300757,0.000789224779748632,0.0160738780142138,"sign","structural_proteins_hair_nail_epidermis"
"P60410",66,0.467032967032967,-0.126352801680699,0.612939815158471,0.744545183025498,"","structural_proteins_hair_nail_epidermis"
"P60411",68,0.646153846153846,0.568207642731716,0.0235406293128281,0.0916135319117066,"","structural_proteins_hair_nail_epidermis"
"P60412",64,0.570769230769231,0.580596427541852,0.0265366684874973,0.0982660875506718,"","structural_proteins_hair_nail_epidermis"
"P60413",68,0.655487179487179,0.755481834237281,0.00296550013004162,0.0312400099906108,"sign","structural_proteins_hair_nail_epidermis"
"P60842",68,0.615179487179487,0.520301628787342,0.041537445688908,0.128717460630488,"","translation"
"P60953",64,0.452527472527473,-0.0190086439711421,0.940520446522262,0.964660489740022,"","cell_cycle_regulation"
"P61158",61,0.410512820512821,-0.0423405608816913,0.871019757291227,0.917574261560241,"","cell_organization"
"P61204",49,0.518222222222222,0.0885722518786381,0.769116314168005,0.851935014879086,"","intracellular_transport"
"P61604",68,0.511443223443223,0.146192707036856,0.55929414473602,0.708980751937154,"","protein_folding"
"P61970",68,0.677919413919414,0.801647605728617,0.00164806272322659,0.0236216857925944,"sign","nuclear_transport"
"P62081",68,0.496512820512821,0.142065582191345,0.563173796690201,0.710948739210151,"","translation"
"P62140",65,0.556923076923077,0.363674477193426,0.156078200652162,0.294028216069946,"","cell_division"
"P62241",65,0.452380952380952,0.0862972881435723,0.733163640802181,0.823461368621567,"","translation"
"P62258",68,0.581494505494506,0.458301224276605,0.0634012552280189,0.172938245287141,"","intracellular_signalling"
"P62269",66,0.536703296703297,0.442382059937784,0.0788888027333957,0.193342597216019,"","translation"
"P62318",42,0.6,0.536440520491039,0.0977086568506124,0.215919123313757,"","RNA_processing"
"P62491",66,0.561098901098901,-0.265422089805746,0.305359803091825,0.471148585073498,"","intracellular_transport"
"P62699",61,0.645897435897436,0.503084712872808,0.0601183623367651,0.16620958998988,"","cell_proliferation"
"P62701",67,0.614065934065934,0.532960088030565,0.0325380681332506,0.111450579127546,"","translation"
"P62714",54,0.575454545454545,0.20464452275669,0.481286868292905,0.629692240957099,"","cell_growth_control"
"P62753",61,0.587715617715618,-0.380078506775336,0.147405600168413,0.284201799893524,"","translation"
"P62805",68,0.571032967032967,0.500201672053135,0.0471573057192252,0.139869484439061,"","DNA_packaging"
"P62820",52,0.629090909090909,0.485219146427704,0.0985622507633294,0.215931726022202,"","intracellular_transport"
"P62851",48,0.79179797979798,-1.68208208204808,6.13096789054743e-06,0.000936505345281119,"sign","translation"
"P62857",52,0.539313131313131,0.425201508521669,0.132344045130831,0.262539647970576,"","translation"
"P62873",64,0.44967032967033,-0.105146370756889,0.680351830810544,0.782868263598383,"","intracellular_signalling"
"P62906",59,0.552447552447553,0.45849109709257,0.0774731805495646,0.190871424660419,"","translation"
"P62913",61,0.496899766899767,0.260374954414136,0.31668133491494,0.482176783255231,"","translation"
"P62937",68,0.555985347985348,0.49472841528851,0.0512295904884774,0.146954365204036,"","protein_modification"
"P63104",68,0.533201465201465,0.313816658825246,0.209351936133865,0.359736422986755,"","intracellular_signalling"
"P63220",68,0.484190476190476,-0.118394859017886,0.636535782347206,0.759949416141473,"","translation"
"P63244",68,0.467487179487179,-0.0260200380218589,0.915662699718318,0.951479437972606,"","intracellular_signalling"
"P63261",68,0.558461538461538,0.452064970310108,0.0700081770704783,0.180485215991824,"","cell_organization"
"P68104",68,0.647120879120879,0.764793976288098,0.00256905270916206,0.0307232664692776,"sign","translation"
"P68366",67,0.612512820512821,0.586321067897118,0.0232400232539061,0.0915399034459098,"","cell_organization"
"P68371",68,0.620703296703297,0.545964029358293,0.0309802548870769,0.108786986988529,"","cell_organization"
"P68431",64,0.502564102564103,0.129283092531181,0.622486686943168,0.753147258855992,"","DNA_packaging"
"P68871",66,0.517582417582418,0.172581710034059,0.480892684115851,0.629692240957099,"","oxygen_transport"
"P69905",67,0.519135531135531,0.353941368413293,0.148380317784017,0.284201799893524,"","oxygen_transport"
"P78310",45,0.719777777777778,1.36689707537398,1.63395952983425e-05,0.00166391545454788,"sign","cell_adhesion_&_contact"
"P78385",68,0.69767032967033,1.00529798734591,0.000119294664828093,0.00581879648732042,"sign","structural_proteins_hair_nail_epidermis"
"P78386",68,0.605758241758242,0.565216885846162,0.0268873927231229,0.0985340241685852,"","structural_proteins_hair_nail_epidermis"
"P81605",68,0.595619047619048,0.62158630313393,0.015175382838758,0.0747057919078961,"","innate_immune_system"
"P84243",68,0.548615384615385,0.217979366176945,0.382859024142223,0.547838088409598,"","DNA_packaging"
"P98179",67,0.531428571428571,0.399663178315941,0.115293760954031,0.237186828090616,"","RNA_processing"
"Q00577",43,0.570555555555556,-0.26529479441478,0.42369877951855,0.585701254040348,"","transcription"
"Q01469",68,0.591794871794872,0.421239686942403,0.0974268443221126,0.215919123313757,"","intracellular_transport"
"Q01546",53,0.494424242424242,-0.328948116232381,0.244035343381451,0.402988094070451,"","structural_proteins_hair_nail_epidermis"
"Q02543",44,0.619222222222222,0.18616041317532,0.579529247655592,0.716441870337787,"","translation"
"Q02878",55,0.758363636363636,1.22258417012494,9.70506202581875e-05,0.00539072081615932,"sign","translation"
"Q03252",68,0.507472527472527,0.319923378950218,0.194404815375068,0.342280837191841,"","cell_organization"
"Q04695",65,0.495384615384615,-0.104783402010807,0.68024928254968,0.782868263598383,"","structural_proteins_hair_nail_epidermis"
"Q04760",66,0.594285714285714,0.669616545225689,0.00911040948660899,0.0535236557338278,"","glutathione_metabolism"
"Q04837",68,0.60807326007326,0.36628482617676,0.1475845690219,0.284201799893524,"","DNA_replication"
"Q04941",45,0.584666666666667,0.869691269914437,0.00695386542056276,0.0447243344417247,"sign","ion_transmembrane_transport"
"Q06830",67,0.635164835164835,0.741641320103858,0.00413690685021972,0.0349027149978098,"sign","oxidative_stress_response"
"Q07065",67,0.654139194139194,-0.511743511847585,0.0454926788223136,0.136255033139381,"","cell_organization"
"Q07627",63,0.578461538461538,0.37391029518048,0.151230172317062,0.286961600266227,"","structural_proteins_hair_nail_epidermis"
"Q07666",52,0.658545454545455,0.972720513417032,0.00113761197387339,0.0186017542756979,"sign","intracellular_signalling"
"Q08188",68,0.594241758241758,0.596712919041002,0.0172133242841964,0.0784876204301792,"","keratinization"
"Q13011",37,0.550714285714286,0.238990084759971,0.474201350172125,0.624877897033165,"","beta_oxidation"
"Q13228",68,0.652673992673993,0.637489444914642,0.0122568058498722,0.0662735254360348,"","(none/unknown)"
"Q13526",45,0.521333333333333,0.0586241483588365,0.851421729990626,0.904728133955256,"","protein_modification"
"Q13618",40,0.637460317460318,0.699348059037248,0.069924226233041,0.180485215991824,"","intracellular_proteolysis"
"Q13835",68,0.634593406593407,0.683234980361486,0.00757672165714924,0.0458670112568943,"sign","cell_adhesion_&_contact"
"Q13867",68,0.61767032967033,0.606018034550569,0.0175679803221259,0.0789267351236685,"","xenobiotics_&_alcohol_metabolism"
"Q13885",68,0.628791208791209,0.684493541903521,0.00752816851002499,0.0458670112568943,"sign","cell_organization"
"Q14134",68,0.601377289377289,0.323956735041875,0.199974110486878,0.34909766144995,"","innate_immune_system"
"Q14152",43,0.531,0.394598725673023,0.221743187516043,0.376347465478617,"","translation"
"Q14195",47,0.626222222222222,0.522366189428418,0.0929316309552505,0.211082626444826,"","cell_organization"
"Q14204",63,0.514615384615385,0.0619955569392648,0.809628976321132,0.884943299699842,"","intracellular_transport"
"Q14247",61,0.517948717948718,-0.314100528361779,0.230197070685403,0.387466694734935,"","cell_organization"
"Q14525",68,0.598769230769231,0.439997592460988,0.0818090211424207,0.199144668996092,"","structural_proteins_hair_nail_epidermis"
"Q14532",68,0.62218315018315,0.607657902566578,0.0160330711767285,0.0747802022059627,"","structural_proteins_hair_nail_epidermis"
"Q14533",68,0.614725274725275,0.414131811308544,0.104505458056103,0.222758768895343,"","structural_proteins_hair_nail_epidermis"
"Q14574",57,0.57769696969697,0.443569538711539,0.112454719399637,0.232914690010774,"","cell_adhesion_&_contact"
"Q14974",67,0.554725274725275,0.261093358346736,0.302499637447192,0.470298418524769,"","nuclear_transport"
"Q15067",51,0.627636363636364,-0.0735548840478001,0.817475792228951,0.886425936791699,"","beta_oxidation"
"Q15084",63,0.66006993006993,0.891164352457122,0.00097026431831862,0.0171104927125547,"sign","protein_folding"
"Q15149",68,0.534842490842491,0.538309822776788,0.0308512105825069,0.108786986988529,"","cell_organization"
"Q15181",55,0.647757575757576,0.950600396451222,0.0012005347621017,0.0188083779395934,"sign","protein_modification"
"Q15323",68,0.557113553113553,0.565138574668064,0.026227636596309,0.0977139387825902,"","structural_proteins_hair_nail_epidermis"
"Q15365",58,0.672797202797203,0.664510609075534,0.0155866307068494,0.0747057919078961,"","transcription"
"Q15369",38,0.538571428571429,0.223016086773435,0.512855413124263,0.662483419490327,"","transcription"
"Q15437",68,0.5883663003663,0.423468565567156,0.0946313590430507,0.21376298113866,"","intracellular_transport"
"Q16718",45,0.506777777777778,0.28533346498235,0.352072780290036,0.524674314041981,"","oxidative_phosphorylation"
"Q16775",54,0.573454545454545,0.570828369310389,0.041104469563655,0.128717460630488,"","glutathione_metabolism"
"Q16777",68,0.60159706959707,0.657232229789175,0.00988273655174865,0.0569655852180983,"","DNA_packaging"
"Q16778",62,0.577509157509158,-0.0133693754123622,0.960764072873798,0.971899106101684,"","DNA_packaging"
"Q1JUQ5",56,0.551939393939394,0.189279449953863,0.50157053772121,0.650657321757239,"","protein_folding"
"Q3LI64",64,0.441355311355311,0.090616925350919,0.722517252881142,0.817514891685885,"","structural_proteins_hair_nail_epidermis"
"Q3LI72",68,0.617186813186813,0.528828566703768,0.0339482375638812,0.113346301374489,"","structural_proteins_hair_nail_epidermis"
"Q3LI83",68,0.533010989010989,-0.0592126124460134,0.814052711412761,0.885031598997909,"","structural_proteins_hair_nail_epidermis"
"Q3SY84",57,0.574242424242424,0.203990173075991,0.474539024915529,0.624877897033165,"","structural_proteins_hair_nail_epidermis"
"Q3ZCW2",49,0.581010101010101,0.316740410666171,0.305165987961079,0.471148585073498,"","(none/unknown)"
"Q52LG2",68,0.564263736263736,0.312601177279579,0.215071872581465,0.368092196490966,"","structural_proteins_hair_nail_epidermis"
"Q5D862",46,0.682888888888889,0.646381800283285,0.050754143423961,0.146277271849246,"","cell_adhesion_&_contact"
"Q5JVD6",63,0.644615384615385,0.85812413051451,0.00129069894345699,0.0197154263613056,"sign","cell_organization"
"Q5JW98",66,0.624395604395604,0.933968282813107,0.000372364546749258,0.0109944542462513,"sign","ion_transmembrane_transport"
"Q5QPN9",48,0.667676767676768,0.758369499271327,0.0135839004180455,0.0697459088691244,"","protein_modification"
"Q5STU3",49,0.744565656565657,0.954760926640085,0.00165300496451954,0.0236216857925944,"sign","RNA_processing"
"Q5T749",54,0.619818181818182,0.594739326565258,0.0408438103239707,0.128717460630488,"","cell_differentiation"
"Q5TAE8",59,0.66969696969697,0.983402804593408,0.000437188156980423,0.0111300818297933,"sign","protein_folding"
"Q5TEC6",65,0.483736263736264,0.209645946519155,0.41126668157475,0.571099869186755,"","DNA_packaging"
"Q5VT06",55,0.582727272727273,0.168085597920215,0.552091450657643,0.701305356240789,"","cell_organization"
"Q5VTU8",49,0.484282828282828,0.140677887164447,0.631913863696902,0.758544932649916,"","oxidative_phosphorylation"
"Q5VYD6",51,0.528686868686869,-0.387451784882933,0.194274678808635,0.342280837191841,"","intracellular_signalling"
"Q5VYY1",46,0.631222222222222,0.443971401166392,0.156397987271248,0.294028216069946,"","cell_proliferation"
"Q5W0H4",65,0.452307692307692,0.111515117260544,0.664136838824323,0.775069874844371,"","cell_growth_control"
"Q674R7",64,0.574871794871795,0.67433332548431,0.00924069110242732,0.0537720215579342,"","autophagy_&_mitophagy_regulation"
"Q6A162",68,0.658754578754579,0.751028337045694,0.0030337655756774,0.0313402780845892,"sign","structural_proteins_hair_nail_epidermis"
"Q6A163",68,0.60552380952381,0.616057909200048,0.0157570458392293,0.0747057919078961,"","structural_proteins_hair_nail_epidermis"
"Q6IPX4",46,0.593888888888889,-0.12200147944721,0.731608108442799,0.823227540070994,"","translation"
"Q6KB66",68,0.581186813186813,0.356754382064691,0.160188834483225,0.298400542284301,"","structural_proteins_hair_nail_epidermis"
"Q6MZM0",68,0.582930402930403,0.574936321854067,0.0233718902415089,0.0915399034459098,"","iron_homeostasis"
"Q6NXG1",53,0.637212121212121,0.888457642461426,0.00281416505226809,0.0312400099906108,"sign","RNA_processing"
"Q6P1J6",51,0.577454545454545,-0.418195855170553,0.150776796668759,0.286961600266227,"","membrane_lipid_metabolism"
"Q6P587",68,0.560424908424908,0.386236789200239,0.12908221670465,0.258587653791939,"","additional_carb_catabolic_process"
"Q6PEX3",68,0.468556776556777,0.0470523178739068,0.847926542575551,0.903327388519922,"","structural_proteins_hair_nail_epidermis"
"Q6PH81",58,0.53,0.365696184943096,0.180364855616355,0.326044162075718,"","(none/unknown)"
"Q6YN16",41,0.512777777777778,0.47362220933852,0.113288247915845,0.233848376610073,"","additional_lipid_catabolic_process"
"Q6ZSI9",60,0.64,0.807269709164642,0.00428168149320727,0.0349027149978098,"sign","intracellular_proteolysis"
"Q701N4",46,0.420777777777778,-0.00105511551976434,0.997204801771344,0.997204801771344,"","structural_proteins_hair_nail_epidermis"
"Q71DI3",54,0.487636363636364,-0.13901163576819,0.623804008714263,0.753249504593705,"","DNA_packaging"
"Q71U36",68,0.59192673992674,0.596734882018999,0.0178842979400683,0.0791833771114617,"","cell_organization"
"Q71UI9",53,0.591636363636364,-0.334069509302754,0.248885743868577,0.408788143827153,"","DNA_packaging"
"Q7L5L3",68,0.710769230769231,0.768256093202186,0.00316618119736278,0.0313402780845892,"sign","membrane_lipid_metabolism"
"Q7L7L0",50,0.548808080808081,-0.171142291429327,0.568241657207202,0.713148587988006,"","DNA_packaging"
"Q7Z2K6",49,0.554383838383838,0.46888722289785,0.103806233627877,0.222758768895343,"","intracellular_proteolysis"
"Q7Z406",48,0.731555555555556,0.990650014024992,0.00308897874831521,0.0313402780845892,"sign","cell_organization"
"Q7Z4W1",68,0.625304029304029,-0.422484092282155,0.0925365673051113,0.211082626444826,"","additional_carb_catabolic_process"
"Q86SE5",62,0.542820512820513,-0.0922568651899179,0.72590147136272,0.819825876160114,"","RNA_processing"
"Q86SG7",68,0.626989010989011,0.916969019335468,0.000395822987189547,0.0109944542462513,"sign","innate_immune_system"
"Q86SJ6",68,0.602754578754579,0.64250181958507,0.0122022833786377,0.0662735254360348,"","cell_adhesion_&_contact"
"Q86VW2",57,0.598484848484849,-0.466123894673086,0.0884823543634111,0.205833455523498,"","cell_organization"
"Q86Y82",46,0.515111111111111,-0.223111863120758,0.465309887570216,0.620751836911358,"","intracellular_transport"
"Q8IUB9",41,0.505952380952381,0.246220915604701,0.429486101311795,0.588376699330733,"","structural_proteins_hair_nail_epidermis"
"Q8IUC0",68,0.604102564102564,0.700646092455031,0.00687871330112064,0.0447243344417247,"sign","structural_proteins_hair_nail_epidermis"
"Q8IUC1",68,0.50043956043956,-0.204547965632942,0.409293557237476,0.569654586496806,"","structural_proteins_hair_nail_epidermis"
"Q8IUC2",66,0.523076923076923,0.419568199529221,0.102990682685231,0.222357975691435,"","structural_proteins_hair_nail_epidermis"
"Q8IUC3",68,0.58959706959707,0.296765542343963,0.2331260347388,0.390246595138101,"","structural_proteins_hair_nail_epidermis"
"Q8IV08",64,0.587728937728938,0.457807741262426,0.0744536117636191,0.187206406533215,"","further_DNA_metabolism"
"Q8IYJ1",43,0.635222222222222,0.760090413723416,0.0196488160994148,0.0833710183107115,"","cell_differentiation"
"Q8N1F7",54,0.566909090909091,0.165554572533074,0.548158523165658,0.698976934129488,"","nuclear_transport"
"Q8N1N4",68,0.511663003663004,0.140627746992482,0.57371607905155,0.715934333424998,"","structural_proteins_hair_nail_epidermis"
"Q8N3Y7",57,0.613333333333333,0.361837849300357,0.201446953647119,0.349670706472698,"","retinol_metabolism"
"Q8N490",61,0.672727272727273,-1.01355001823273,0.00018997761156089,0.00726693369666348,"sign","oxidative_stress_response"
"Q8NDW8",68,0.520835164835165,-0.137706891055692,0.585015370639637,0.720654015041972,"","spermatic_development_&_function"
"Q8NFI3",68,0.494901098901099,0.115058924716534,0.635852501033221,0.759949416141473,"","protein_modification"
"Q8TF09",62,0.473333333333333,-0.0867721733430527,0.739731887361877,0.829314097574508,"","intracellular_transport"
"Q8TF66",68,0.551692307692308,0.328753995294137,0.18377629306768,0.330256809012801,"","cell_organization"
"Q8WU76",67,0.522021978021978,0.119807664046043,0.639067400547655,0.759949416141473,"","intracellular_transport"
"Q8WUF5",51,0.58,-0.421403840829351,0.12733335217605,0.256785869340945,"","apoptosis_regulation"
"Q8WWZ1",42,0.418888888888889,-0.0892785134136706,0.778909273648658,0.85821355375413,"","inflammation_regulation"
"Q92764",68,0.562461538461538,0.518058089952941,0.0410928841125307,0.128717460630488,"","structural_proteins_hair_nail_epidermis"
"Q92820",67,0.689113553113553,0.820428047454868,0.0018424630916149,0.0254599145746274,"sign","intracellular_proteolysis"
"Q92874",66,0.46967032967033,0.0143632198518462,0.954240374020931,0.970117917681845,"","further_DNA_metabolism"
"Q93050",64,0.643076923076923,0.631538795174519,0.0166632929154733,0.076550917077851,"","protone_transmembrane_transport"
"Q93077",68,0.521538461538462,0.0513599793994382,0.838717993222235,0.902212489188003,"","DNA_packaging"
"Q969T9",50,0.529252525252525,-0.0010998966509532,0.997068176009059,0.997204801771344,"","transcription"
"Q96B49",54,0.515636363636364,0.144400791032808,0.614891134378199,0.745433498224365,"","other_transmembrane_transport"
"Q96B96",59,0.672703962703963,-0.977913124204103,0.000561020434647899,0.0137113394227947,"sign","cholesterol_homeostasis"
"Q96FQ6",49,0.519030303030303,0.260118713632807,0.371609700289014,0.539319541274555,"","calcium_ion_binding"
"Q96P63",68,0.695194139194139,-0.732838933471647,0.00491164600129514,0.0384745603434786,"sign","intracellular_proteolysis"
"Q96P70",44,0.575111111111111,-0.38567958226727,0.228165800679528,0.386175357936819,"","nuclear_transport"
"Q96PK6",49,0.554666666666667,0.530704754229037,0.067508265634152,0.17779116509684,"","transcription"
"Q96QA5",68,0.607794871794872,0.469732342027966,0.0612708674416101,0.16863288291362,"","apoptosis_regulation"
"Q99623",66,0.527692307692308,0.174632443102894,0.487112532268601,0.635360743744252,"","cell_growth_control"
"Q99714",66,0.562857142857143,0.305702820779987,0.229107066310773,0.386697285955475,"","beta_oxidation"
"Q99880",65,0.627692307692308,0.438349812007097,0.096046976793185,0.214177747520569,"","DNA_packaging"
"Q9BPW8",67,0.58421978021978,0.794565183477468,0.00230881008023491,0.0293892283129902,"sign","pain_perception"
"Q9BPW9",48,0.530626262626263,0.405579467060937,0.171227292115136,0.31048622450086,"","hormone_metabolism"
"Q9BQI6",67,0.568937728937729,0.495084294284523,0.0525713249488511,0.149400369970921,"","DNA_repair"
"Q9BTU6",65,0.602673992673993,-0.732680673932095,0.00576825322423995,0.0424626833736218,"sign","intracellular_signalling"
"Q9BUF5",59,0.482564102564103,0.20352840249277,0.434405400543413,0.592586659525406,"","cell_organization"
"Q9BVC6",49,0.60169696969697,0.457112894257475,0.117593565583132,0.240299894887269,"","apoptosis_regulation"
"Q9BVJ7",46,0.526666666666667,0.277717543949322,0.3494249665893,0.52200160045492,"","protein_modification"
"Q9BYP9",67,0.496703296703297,0.210526002690572,0.39774613750085,0.562552986141249,"","structural_proteins_hair_nail_epidermis"
"Q9BYQ0",65,0.532307692307692,0.323900283750902,0.205627470027738,0.354910689793638,"","structural_proteins_hair_nail_epidermis"
"Q9BYQ3",68,0.524952380952381,0.267456356136496,0.287171768117252,0.454316427489864,"","structural_proteins_hair_nail_epidermis"
"Q9BYQ5",68,0.482871794871795,0.0998518725483372,0.690957915802243,0.790590424260619,"","structural_proteins_hair_nail_epidermis"
"Q9BYQ6",68,0.518432234432234,0.117524671808988,0.640386875216778,0.759949416141473,"","structural_proteins_hair_nail_epidermis"
"Q9BYQ8",66,0.475604395604396,0.14018604122665,0.580423446509336,0.716441870337787,"","structural_proteins_hair_nail_epidermis"
"Q9BYQ9",61,0.40983682983683,0.0317218235893122,0.90283779559225,0.942963919840794,"","structural_proteins_hair_nail_epidermis"
"Q9BYR0",57,0.487636363636364,0.277229241792516,0.307519314586214,0.472096234201449,"","structural_proteins_hair_nail_epidermis"
"Q9BYR2",50,0.530909090909091,-0.0128236339285721,0.965658257272289,0.973625734642522,"","structural_proteins_hair_nail_epidermis"
"Q9BYR3",68,0.470095238095238,-0.0514603968736248,0.836077301104918,0.900958079321173,"","structural_proteins_hair_nail_epidermis"
"Q9BYR4",68,0.546637362637363,0.513569164625571,0.0421333750017965,0.128717460630488,"","structural_proteins_hair_nail_epidermis"
"Q9BYR5",68,0.540542124542125,0.181343922777611,0.468177386588237,0.620776127000478,"","structural_proteins_hair_nail_epidermis"
"Q9BYR6",68,0.504336996336996,0.114559724156025,0.648414761799119,0.7648289950951,"","structural_proteins_hair_nail_epidermis"
"Q9BYR7",68,0.480659340659341,0.21068911067998,0.396499738928511,0.562091277228121,"","structural_proteins_hair_nail_epidermis"
"Q9BYR8",68,0.511018315018315,0.412323911581468,0.0978880477216216,0.215919123313757,"","structural_proteins_hair_nail_epidermis"
"Q9BYR9",68,0.567765567765568,0.570690976480014,0.0239792650128097,0.0927299425495363,"","structural_proteins_hair_nail_epidermis"
"Q9BYS1",68,0.526197802197802,0.19966581596901,0.424771717971433,0.585858960904167,"","structural_proteins_hair_nail_epidermis"
"Q9BZM2",68,0.59840293040293,0.433838087977443,0.0881961767266545,0.205833455523498,"","membrane_lipid_metabolism"
"Q9GZP4",68,0.551897435897436,0.319080629331141,0.195910591250218,0.342983871787631,"","cell_differentiation"
"Q9H0Q0",44,0.540888888888889,0.136791228992372,0.650329323285965,0.765609280400241,"","cell_organization"
"Q9H2C0",50,0.54250505050505,-0.297343286071271,0.295938343493423,0.463636738139696,"","cell_organization"
"Q9H3K6",63,0.507619047619048,-0.265744745769213,0.3033942536029,0.470492103937492,"","iron_homeostasis"
"Q9H425",63,0.505970695970696,-0.175135646799014,0.497752724787222,0.647078542223389,"","(none/unknown)"
"Q9HCY8",65,0.608095238095238,0.52279606617682,0.0417305994391162,0.128717460630488,"","apoptosis_regulation"
"Q9NPA0",60,0.601445221445222,-0.284299516977393,0.293284897466818,0.460660854375901,"","cell_organization"
"Q9NQY0",46,0.437333333333333,-0.0588701196294964,0.84609642208324,0.903327388519922,"","cell_division"
"Q9NR12",64,0.49025641025641,0.0191449748780853,0.940978153658025,0.964660489740022,"","cell_organization"
"Q9NRX4",56,0.594848484848485,-0.455362147950169,0.105728384582078,0.222758768895343,"","protein_modification"
"Q9NSB2",68,0.536630036630037,0.457211130617784,0.0672792771676711,0.17779116509684,"","structural_proteins_hair_nail_epidermis"
"Q9NSB4",68,0.616996336996337,0.72119042300281,0.00473716535916069,0.0375897147330803,"sign","structural_proteins_hair_nail_epidermis"
"Q9NTX5",66,0.593186813186813,0.524158911424384,0.0381900830934836,0.124781501444484,"","beta_oxidation"
"Q9NVJ2",44,0.645555555555556,0.774579427377744,0.0150677576511782,0.0747057919078961,"","intracellular_transport"
"Q9NZD1",58,0.553146853146853,-0.402087709536742,0.141715101555705,0.275757729460304,"","intracellular_signalling"
"Q9NZH8",39,0.609920634920635,0.817749386076458,0.0176981048320843,0.0789309638861571,"","inflammation_regulation"
"Q9NZT1",68,0.415018315018315,0.056925155779353,0.814055251451432,0.885031598997909,"","cell_differentiation"
"Q9P1F3",45,0.51,0.164272748161907,0.594005712318011,0.728790141016676,"","cell_organization"
"Q9P253",47,0.592444444444444,0.241293260895068,0.400589419646563,0.563970706418191,"","intracellular_transport"
"Q9UBM7",45,0.564333333333333,0.0628560959829831,0.820363899298777,0.887154588445226,"","cholesterol_homeostasis"
"Q9UH99",64,0.46,0.0499593682918596,0.841296949909262,0.903327388519922,"","cell_organization"
"Q9UIV8",63,0.721282051282051,0.949138070041219,0.000418888351191088,0.0111278601120763,"sign","intracellular_proteolysis"
"Q9UJY1",62,0.608461538461538,0.487875841571521,0.0692047539427033,0.180103722798594,"","protein_quality_control"
"Q9UJZ1",54,0.575636363636364,0.0182327034964986,0.947989211588867,0.965506959266678,"","cell_proliferation"
"Q9ULW8",68,0.554095238095238,0.424292226509625,0.0912631250702656,0.209838964898789,"","protein_modification"
"Q9UMX0",68,0.686300366300366,-0.785204402309686,0.00272426517875062,0.0312400099906108,"sign","intracellular_proteolysis"
"Q9UNN8",68,0.591252747252747,0.648808316962789,0.0103166332792903,0.0583506374157537,"","blood_coagulation_regulation"
"Q9Y316",68,0.664761904761905,0.786901645536141,0.0022852668792701,0.0293892283129902,"sign","cell_migration"
"Q9Y3D6",59,0.508018648018648,-0.127391312053099,0.638736563685518,0.759949416141473,"","autophagy_&_mitophagy_regulation"
"Q9Y3I0",68,0.66370695970696,0.763712726392644,0.00292327920807081,0.0312400099906108,"sign","RNA_processing"
"Q9Y3R4",68,0.607912087912088,0.533642838627763,0.0384104969565989,0.124834115108947,"","membrane_lipid_metabolism"
"Q9Y426",38,0.666190476190476,-0.631470977974081,0.073842290599174,0.186436527091303,"","(none/unknown)"
"Q9Y446",68,0.64232967032967,0.773133491798875,0.00253891344313759,0.0307232664692776,"sign","cell_adhesion_&_contact"
"Q9Y4B5",66,0.52,0.223000504785871,0.380310496987962,0.546363706291311,"","cell_organization"
"Q9Y4E8",49,0.542020202020202,0.100316786076704,0.744141869807338,0.832730187641544,"","intracellular_signalling"
"Q9Y570",64,0.501794871794872,0.508427717903507,0.0487790824911577,0.142602963646399,"","protein_modification"
"Q9Y5Y6",68,0.494520146520147,-0.0163780387698224,0.948124673584299,0.965506959266678,"","ECM_organization"
"Q9Y6Q5",41,0.544126984126984,0.334425686905192,0.316225574732408,0.482176783255231,"","intracellular_signalling"
"U3KPR1",58,0.693566433566434,-1.11473375978244,7.39046316291437e-05,0.00451557299254068,"sign","structural_proteins_hair_nail_epidermis"
"U3KPX3",47,0.688555555555556,0.619940134980604,0.0577251636934456,0.16105057085249,"","protein_modification"
"U3KQT1",37,0.618809523809524,0.717630634438858,0.0394192501676957,0.1267640097498,"","glutathione_metabolism"
